seed,dim,rows,cols,rank,spectral_family,condition_number,sv_assignment_matches_svd,is_complex,target,degree,component,tolerance,best_imag_rel,best_real_rel,full_block_rel,degenerate_zero_reference,status
770000,2x1,2,1,1,well_conditioned,1.0,True,True,monomial_x1,1,neg_imag,1e-08,1.5591559504814032,0.8263311090590124,1.1297328779689715,False,complex_unsupported
770000,2x1,2,1,1,well_conditioned,1.0,True,True,monomial_x3,3,imag,1e-08,0.6993313700506384,1.449482947324693,1.504799112189761,False,complex_unsupported
770000,2x1,2,1,1,well_conditioned,1.0,True,True,ridge_filter_d7,7,imag,1e-08,1.1046320980762694,2.176930923240328,2.1832465651054616,False,complex_unsupported
770000,2x1,2,1,1,well_conditioned,1.0,True,True,ridge_filter_d31,31,imag,1e-08,0.892902738127395,0.8470789841678361,0.8028264517533533,False,complex_unsupported
770000,2x1,2,1,1,well_conditioned,1.0,True,True,ridge_filter_d255,255,imag,1e-06,0.8878957164637201,1.8271585499067975,1.8499230686219315,False,complex_unsupported
770001,2x1,2,1,1,moderate_condition,1.0,True,True,monomial_x1,1,neg_imag,1e-08,1.5714097638343265,0.6143217407948404,1.2033733865986544,False,complex_unsupported
770001,2x1,2,1,1,moderate_condition,1.0,True,True,monomial_x3,3,imag,1e-08,9.704572326297143,20.75097275154018,22.74134667174418,False,complex_unsupported
770001,2x1,2,1,1,moderate_condition,1.0,True,True,ridge_filter_d7,7,imag,1e-08,0.3779014011044516,1.1572960753401909,1.1677574025816586,False,complex_unsupported
770001,2x1,2,1,1,moderate_condition,1.0,True,True,ridge_filter_d31,31,imag,1e-08,0.46692461470634417,0.6948526470293342,0.8814961926028329,False,complex_unsupported
770001,2x1,2,1,1,moderate_condition,1.0,True,True,ridge_filter_d255,255,imag,1e-06,0.3943949111041076,1.4236037942068844,1.3990942086226665,False,complex_unsupported
770002,2x1,2,1,1,nearly_rank_deficient,1.0,True,True,monomial_x1,1,neg_imag,1e-08,1.423530313687412,1.4549372737542725,1.2946606113245707,False,complex_unsupported
770002,2x1,2,1,1,nearly_rank_deficient,1.0,True,True,monomial_x3,3,imag,1e-08,18780118.34338586,17779773.397088256,25861423.697332278,False,complex_unsupported
770002,2x1,2,1,1,nearly_rank_deficient,1.0,True,True,ridge_filter_d7,7,imag,1e-08,0.7001419155569025,0.7131133522875608,1.5236325966121722,False,complex_unsupported
770002,2x1,2,1,1,nearly_rank_deficient,1.0,True,True,ridge_filter_d31,31,imag,1e-08,1.003872090715461,0.9486355628282245,2.1553710425179413,False,complex_unsupported
770002,2x1,2,1,1,nearly_rank_deficient,1.0,True,True,ridge_filter_d255,255,imag,1e-06,7.830528958942385,7.381250579905288,11.695555726773426,False,complex_unsupported
770003,2x1,2,1,1,exact_zero_singular_values,inf,True,True,monomial_x1,1,neg_imag,1e-08,,,,True,degenerate_zero_reference
770003,2x1,2,1,1,exact_zero_singular_values,inf,True,True,monomial_x3,3,imag,1e-08,,,,True,degenerate_zero_reference
770003,2x1,2,1,1,exact_zero_singular_values,inf,True,True,ridge_filter_d7,7,imag,1e-08,,,,True,degenerate_zero_reference
770003,2x1,2,1,1,exact_zero_singular_values,inf,True,True,ridge_filter_d31,31,imag,1e-08,,,,True,degenerate_zero_reference
770003,2x1,2,1,1,exact_zero_singular_values,inf,True,True,ridge_filter_d255,255,imag,1e-06,,,,True,degenerate_zero_reference
770004,2x1,2,1,1,repeated_singular_values,1.0,True,True,monomial_x1,1,neg_imag,1e-08,1.3068054777309452,0.6796187840450818,1.0267062527402033,False,complex_unsupported
770004,2x1,2,1,1,repeated_singular_values,1.0,True,True,monomial_x3,3,imag,1e-08,1.7743582711616246,2.5987723324330685,2.744880552552714,False,complex_unsupported
770004,2x1,2,1,1,repeated_singular_values,1.0,True,True,ridge_filter_d7,7,imag,1e-08,3.3471219335644435,2.486090954372656,3.1639387585039973,False,complex_unsupported
770004,2x1,2,1,1,repeated_singular_values,1.0,True,True,ridge_filter_d31,31,imag,1e-08,1.830403007825574,0.9042239152228297,1.4579550884525099,False,complex_unsupported
770004,2x1,2,1,1,repeated_singular_values,1.0,True,True,ridge_filter_d255,255,imag,1e-06,0.6274771253922379,1.1656849617242329,1.0124075457202923,False,complex_unsupported
770005,2x1,2,1,1,clustered_singular_values,1.0,True,True,monomial_x1,1,neg_imag,1e-08,1.3309882168585174,0.9048395349196757,1.3972193097573997,False,complex_unsupported
770005,2x1,2,1,1,clustered_singular_values,1.0,True,True,monomial_x3,3,imag,1e-08,2.271224071859587,2.77706976397682,3.59735954847629,False,complex_unsupported
770005,2x1,2,1,1,clustered_singular_values,1.0,True,True,ridge_filter_d7,7,imag,1e-08,3.5296108813141136,1.1185259784677162,3.1850921501605005,False,complex_unsupported
770005,2x1,2,1,1,clustered_singular_values,1.0,True,True,ridge_filter_d31,31,imag,1e-08,1.592978915847786,0.9974015085868245,1.153635413528867,False,complex_unsupported
770005,2x1,2,1,1,clustered_singular_values,1.0,True,True,ridge_filter_d255,255,imag,1e-06,1.5443097010814448,2.3077570065503217,2.691820827156549,False,complex_unsupported
770006,2x1,2,1,1,random_decay,1.0,True,True,monomial_x1,1,neg_imag,1e-08,1.0365461720254707,0.9861825361193147,1.2572202590208545,False,complex_unsupported
770006,2x1,2,1,1,random_decay,1.0,True,True,monomial_x3,3,imag,1e-08,46.937513144085685,24.186347193648636,50.91982928802133,False,complex_unsupported
770006,2x1,2,1,1,random_decay,1.0,True,True,ridge_filter_d7,7,imag,1e-08,0.8457691946574353,1.4561181111213384,1.367202371088777,False,complex_unsupported
770006,2x1,2,1,1,random_decay,1.0,True,True,ridge_filter_d31,31,imag,1e-08,1.0208979209453617,1.594528524709311,1.7579058931782192,False,complex_unsupported
770006,2x1,2,1,1,random_decay,1.0,True,True,ridge_filter_d255,255,imag,1e-06,0.9787246439497161,1.2662511726866768,0.9528898250459903,False,complex_unsupported
770100,3x2,3,2,2,well_conditioned,1.1111111111111103,False,True,monomial_x1,1,neg_imag,1e-08,0.6792793412091457,0.8527773585320694,0.770026387860233,False,complex_unsupported
770100,3x2,3,2,2,well_conditioned,1.1111111111111103,False,True,monomial_x3,3,imag,1e-08,0.5325152949024923,0.5519958184367267,0.9074578637515825,False,complex_unsupported
770100,3x2,3,2,2,well_conditioned,1.1111111111111103,False,True,ridge_filter_d7,7,imag,1e-08,0.8974571447897925,1.1746768095242859,1.5705310692783918,False,complex_unsupported
770100,3x2,3,2,2,well_conditioned,1.1111111111111103,False,True,ridge_filter_d31,31,imag,1e-08,2.15524908048014,1.7505334211709536,2.320239593619684,False,complex_unsupported
770100,3x2,3,2,2,well_conditioned,1.1111111111111103,False,True,ridge_filter_d255,255,imag,1e-06,1.9029084919787447,1.81895720720231,2.151470452785545,False,complex_unsupported
770101,3x2,3,2,2,moderate_condition,3.3333333333333366,False,True,monomial_x1,1,neg_imag,1e-08,1.0222945963954528,0.765535616341274,0.7766076730357117,False,complex_unsupported
770101,3x2,3,2,2,moderate_condition,3.3333333333333366,False,True,monomial_x3,3,imag,1e-08,0.4866841031259385,0.8045149310450461,0.8840231666817129,False,complex_unsupported
770101,3x2,3,2,2,moderate_condition,3.3333333333333366,False,True,ridge_filter_d7,7,imag,1e-08,0.6810378069995261,0.9358946636106806,1.0185795884464537,False,complex_unsupported
770101,3x2,3,2,2,moderate_condition,3.3333333333333366,False,True,ridge_filter_d31,31,imag,1e-08,0.7272781922948446,0.9062143965270811,0.8962879926977031,False,complex_unsupported
770101,3x2,3,2,2,moderate_condition,3.3333333333333366,False,True,ridge_filter_d255,255,imag,1e-06,0.7585849551392553,0.9315656631654203,1.1958897163307858,False,complex_unsupported
770102,3x2,3,2,2,nearly_rank_deficient,3333.333333333834,False,True,monomial_x1,1,neg_imag,1e-08,1.4723308809057651,0.5216262169331776,1.09836383597965,False,complex_unsupported
770102,3x2,3,2,2,nearly_rank_deficient,3333.333333333834,False,True,monomial_x3,3,imag,1e-08,0.3800002096282248,1.0477325738542087,1.0983716831224337,False,complex_unsupported
770102,3x2,3,2,2,nearly_rank_deficient,3333.333333333834,False,True,ridge_filter_d7,7,imag,1e-08,0.892048334678433,2.556063436382727,2.5457905352366836,False,complex_unsupported
770102,3x2,3,2,2,nearly_rank_deficient,3333.333333333834,False,True,ridge_filter_d31,31,imag,1e-08,2.3490070634955686,3.395742723349548,4.023581902009041,False,complex_unsupported
770102,3x2,3,2,2,nearly_rank_deficient,3333.333333333834,False,True,ridge_filter_d255,255,imag,1e-06,1.9467495324499307,2.5274747276200342,3.1050560097142967,False,complex_unsupported
770103,3x2,3,2,2,exact_zero_singular_values,inf,True,True,monomial_x1,1,neg_imag,1e-08,1.1720741212171562,0.5181291717529468,0.9928531374762792,False,complex_unsupported
770103,3x2,3,2,2,exact_zero_singular_values,inf,True,True,monomial_x3,3,imag,1e-08,0.5165042516678371,1.1184148449661295,0.9928526166105569,False,complex_unsupported
770103,3x2,3,2,2,exact_zero_singular_values,inf,True,True,ridge_filter_d7,7,imag,1e-08,1.212173657528746,2.078181300834712,2.3022827610580547,False,complex_unsupported
770103,3x2,3,2,2,exact_zero_singular_values,inf,True,True,ridge_filter_d31,31,imag,1e-08,3.1910461134740955,2.6313856712339527,3.6463716390926937,False,complex_unsupported
770103,3x2,3,2,2,exact_zero_singular_values,inf,True,True,ridge_filter_d255,255,imag,1e-06,2.6083452283777513,1.984210019696393,2.860595108464472,False,complex_unsupported
770104,3x2,3,2,2,repeated_singular_values,1.0000000000000002,True,True,monomial_x1,1,neg_imag,1e-08,0.8453508900048503,0.6788210211548585,0.7488414920361763,False,complex_unsupported
770104,3x2,3,2,2,repeated_singular_values,1.0000000000000002,True,True,monomial_x3,3,imag,1e-08,1.2821405064950295,1.5206534267007636,2.00201415248883,False,complex_unsupported
770104,3x2,3,2,2,repeated_singular_values,1.0000000000000002,True,True,ridge_filter_d7,7,imag,1e-08,2.418609969855888,1.969571542313949,2.3076596780294025,False,complex_unsupported
770104,3x2,3,2,2,repeated_singular_values,1.0000000000000002,True,True,ridge_filter_d31,31,imag,1e-08,1.3226380927908952,0.9676576435492751,1.0633784111518276,False,complex_unsupported
770104,3x2,3,2,2,repeated_singular_values,1.0000000000000002,True,True,ridge_filter_d255,255,imag,1e-06,0.4534111585254928,0.8502206255551354,0.7384125450317968,False,complex_unsupported
770105,3x2,3,2,2,clustered_singular_values,1.0140845070422535,False,True,monomial_x1,1,neg_imag,1e-08,1.2372065024936447,0.8395414444986963,0.8905036260492327,False,complex_unsupported
770105,3x2,3,2,2,clustered_singular_values,1.0140845070422535,False,True,monomial_x3,3,imag,1e-08,1.2011511538830313,2.257032823968316,2.2574629778789204,False,complex_unsupported
770105,3x2,3,2,2,clustered_singular_values,1.0140845070422535,False,True,ridge_filter_d7,7,imag,1e-08,1.6251141733756782,1.5723270878597666,1.8300000319641787,False,complex_unsupported
770105,3x2,3,2,2,clustered_singular_values,1.0140845070422535,False,True,ridge_filter_d31,31,imag,1e-08,0.5418535958520121,0.6670917659951808,0.6405134945364425,False,complex_unsupported
770105,3x2,3,2,2,clustered_singular_values,1.0140845070422535,False,True,ridge_filter_d255,255,imag,1e-06,0.8999373696123969,1.2994171355843094,1.37688361400447,False,complex_unsupported
770106,3x2,3,2,2,random_decay,1.0625722974709928,True,True,monomial_x1,1,neg_imag,1e-08,0.9810392350624803,0.9351431822756867,0.9104663707778741,False,complex_unsupported
770106,3x2,3,2,2,random_decay,1.0625722974709928,True,True,monomial_x3,3,imag,1e-08,0.5903641194884149,1.3486729150692827,1.2992949261559255,False,complex_unsupported
770106,3x2,3,2,2,random_decay,1.0625722974709928,True,True,ridge_filter_d7,7,imag,1e-08,0.9103424821441101,1.6552409628974734,1.7829784646026148,False,complex_unsupported
770106,3x2,3,2,2,random_decay,1.0625722974709928,True,True,ridge_filter_d31,31,imag,1e-08,0.6334593059197277,0.7045405571716314,0.9081666660291059,False,complex_unsupported
770106,3x2,3,2,2,random_decay,1.0625722974709928,True,True,ridge_filter_d255,255,imag,1e-06,1.2910488041777926,1.6980765051977615,2.0591013938413516,False,complex_unsupported
770200,4x3,4,3,3,well_conditioned,1.1111111111111105,False,True,monomial_x1,1,neg_imag,1e-08,0.6456353336146256,0.5781661498888357,0.5060896725178023,False,complex_unsupported
770200,4x3,4,3,3,well_conditioned,1.1111111111111105,False,True,monomial_x3,3,imag,1e-08,0.3351108836287166,0.5122374520262535,0.5430452138622889,False,complex_unsupported
770200,4x3,4,3,3,well_conditioned,1.1111111111111105,False,True,ridge_filter_d7,7,imag,1e-08,0.6167698108635629,1.2894332972987372,1.3545736808883588,False,complex_unsupported
770200,4x3,4,3,3,well_conditioned,1.1111111111111105,False,True,ridge_filter_d31,31,imag,1e-08,1.5582217457338328,1.7377114956572914,2.1159780245208113,False,complex_unsupported
770200,4x3,4,3,3,well_conditioned,1.1111111111111105,False,True,ridge_filter_d255,255,imag,1e-06,1.3506202946390458,1.4651206283826796,1.468567260224646,False,complex_unsupported
770201,4x3,4,3,3,moderate_condition,3.3333333333333326,False,True,monomial_x1,1,neg_imag,1e-08,1.0161712929113924,0.6832838114827224,0.74549168228208,False,complex_unsupported
770201,4x3,4,3,3,moderate_condition,3.3333333333333326,False,True,monomial_x3,3,imag,1e-08,0.5432955536049036,0.7729207605775797,0.9403523106853537,False,complex_unsupported
770201,4x3,4,3,3,moderate_condition,3.3333333333333326,False,True,ridge_filter_d7,7,imag,1e-08,0.43743476958171273,0.9061954314246532,0.9765055268906846,False,complex_unsupported
770201,4x3,4,3,3,moderate_condition,3.3333333333333326,False,True,ridge_filter_d31,31,imag,1e-08,0.9053982339109712,0.8619232656869854,0.8504099135469478,False,complex_unsupported
770201,4x3,4,3,3,moderate_condition,3.3333333333333326,False,True,ridge_filter_d255,255,imag,1e-06,0.7087112123491192,0.9919174626251958,1.1304285041705762,False,complex_unsupported
770202,4x3,4,3,3,nearly_rank_deficient,3333.3333333327246,False,True,monomial_x1,1,neg_imag,1e-08,1.2334315914972114,0.6140257783779463,0.9831460176518723,False,complex_unsupported
770202,4x3,4,3,3,nearly_rank_deficient,3333.3333333327246,False,True,monomial_x3,3,imag,1e-08,0.6082001893135922,1.2238182058586982,1.1682483121616272,False,complex_unsupported
770202,4x3,4,3,3,nearly_rank_deficient,3333.3333333327246,False,True,ridge_filter_d7,7,imag,1e-08,1.346621890872937,2.438278049329756,2.538796429217312,False,complex_unsupported
770202,4x3,4,3,3,nearly_rank_deficient,3333.3333333327246,False,True,ridge_filter_d31,31,imag,1e-08,1.1222253743279105,1.2166164288907308,1.6143890457523398,False,complex_unsupported
770202,4x3,4,3,3,nearly_rank_deficient,3333.3333333327246,False,True,ridge_filter_d255,255,imag,1e-06,1.960668238769942,1.334861739036507,1.9707664868584156,False,complex_unsupported
770203,4x3,4,3,3,exact_zero_singular_values,inf,True,True,monomial_x1,1,neg_imag,1e-08,0.7694135555152583,0.7519159776484242,0.7596340348936006,False,complex_unsupported
770203,4x3,4,3,3,exact_zero_singular_values,inf,True,True,monomial_x3,3,imag,1e-08,0.6078164721661548,0.8759997206975118,0.8964306761153572,False,complex_unsupported
770203,4x3,4,3,3,exact_zero_singular_values,inf,True,True,ridge_filter_d7,7,imag,1e-08,1.4727503285469115,1.6698616105090098,2.0490179616798456,False,complex_unsupported
770203,4x3,4,3,3,exact_zero_singular_values,inf,True,True,ridge_filter_d31,31,imag,1e-08,2.063882621281868,1.0985029582710115,1.7311533273297826,False,complex_unsupported
770203,4x3,4,3,3,exact_zero_singular_values,inf,True,True,ridge_filter_d255,255,imag,1e-06,1.8392578466536578,1.0176650119674422,1.480510696026167,False,complex_unsupported
770204,4x3,4,3,3,repeated_singular_values,1.0000000000000007,True,True,monomial_x1,1,neg_imag,1e-08,0.8614036827114457,0.6335863938470285,0.6499972568274865,False,complex_unsupported
770204,4x3,4,3,3,repeated_singular_values,1.0000000000000007,True,True,monomial_x3,3,imag,1e-08,0.9148786269379463,1.6109653854745247,1.737755881700903,False,complex_unsupported
770204,4x3,4,3,3,repeated_singular_values,1.0000000000000007,True,True,ridge_filter_d7,7,imag,1e-08,1.7258129570477982,1.9781674519365537,2.0030573577486126,False,complex_unsupported
770204,4x3,4,3,3,repeated_singular_values,1.0000000000000007,True,True,ridge_filter_d31,31,imag,1e-08,0.9437759068090498,0.9363160748941699,0.9230164962398649,False,complex_unsupported
770204,4x3,4,3,3,repeated_singular_values,1.0000000000000007,True,True,ridge_filter_d255,255,imag,1e-06,0.32353410254464904,0.6312995232916311,0.6409448912514165,False,complex_unsupported
770205,4x3,4,3,3,clustered_singular_values,1.028169014084507,False,True,monomial_x1,1,neg_imag,1e-08,0.9936564805307176,0.5879409933642973,0.7030075256124024,False,complex_unsupported
770205,4x3,4,3,3,clustered_singular_values,1.028169014084507,False,True,monomial_x3,3,imag,1e-08,1.1163822613416121,1.6888837718564345,1.7448186722641488,False,complex_unsupported
770205,4x3,4,3,3,clustered_singular_values,1.028169014084507,False,True,ridge_filter_d7,7,imag,1e-08,1.3387140380435587,0.910682575692079,1.0154124803824658,False,complex_unsupported
770205,4x3,4,3,3,clustered_singular_values,1.028169014084507,False,True,ridge_filter_d31,31,imag,1e-08,0.8151168504018241,0.8127051109401504,0.8114216539031809,False,complex_unsupported
770205,4x3,4,3,3,clustered_singular_values,1.028169014084507,False,True,ridge_filter_d255,255,imag,1e-06,1.1246930495434895,1.6144443205381713,1.6515550082264805,False,complex_unsupported
770206,4x3,4,3,3,random_decay,2.1198232542875135,True,True,monomial_x1,1,neg_imag,1e-08,1.083622216582165,0.4657246679666188,0.79569067284044,False,complex_unsupported
770206,4x3,4,3,3,random_decay,2.1198232542875135,True,True,monomial_x3,3,imag,1e-08,1.3481151488334786,3.090541403507758,3.1078764155545584,False,complex_unsupported
770206,4x3,4,3,3,random_decay,2.1198232542875135,True,True,ridge_filter_d7,7,imag,1e-08,0.39904439723346,0.6056655487982415,0.7283650313582177,False,complex_unsupported
770206,4x3,4,3,3,random_decay,2.1198232542875135,True,True,ridge_filter_d31,31,imag,1e-08,0.6088129235820144,0.5443634984918049,0.568686282781098,False,complex_unsupported
770206,4x3,4,3,3,random_decay,2.1198232542875135,True,True,ridge_filter_d255,255,imag,1e-06,0.5927587260700915,0.6930735905710681,0.7760839814546959,False,complex_unsupported
770300,5x3,5,3,3,well_conditioned,1.1111111111111116,False,True,monomial_x1,1,neg_imag,1e-08,0.6020868253003222,0.566337251432004,0.5208401971767623,False,complex_unsupported
770300,5x3,5,3,3,well_conditioned,1.1111111111111116,False,True,monomial_x3,3,imag,1e-08,0.37857922651639797,0.6147893281451416,0.6224662246049674,False,complex_unsupported
770300,5x3,5,3,3,well_conditioned,1.1111111111111116,False,True,ridge_filter_d7,7,imag,1e-08,0.7960301325724003,0.7688901947747689,1.2807105279921447,False,complex_unsupported
770300,5x3,5,3,3,well_conditioned,1.1111111111111116,False,True,ridge_filter_d31,31,imag,1e-08,2.15534135516207,1.2101337821624627,2.1368109115101492,False,complex_unsupported
770300,5x3,5,3,3,well_conditioned,1.1111111111111116,False,True,ridge_filter_d255,255,imag,1e-06,1.6092224530836747,0.985976643841658,1.3672488201505308,False,complex_unsupported
770301,5x3,5,3,3,moderate_condition,3.333333333333333,False,True,monomial_x1,1,neg_imag,1e-08,1.0982514283412614,0.5426216033255781,0.7766224646906926,False,complex_unsupported
770301,5x3,5,3,3,moderate_condition,3.333333333333333,False,True,monomial_x3,3,imag,1e-08,0.5098643062027185,0.8091635342551363,1.0187613960404718,False,complex_unsupported
770301,5x3,5,3,3,moderate_condition,3.333333333333333,False,True,ridge_filter_d7,7,imag,1e-08,0.533590026949046,0.645683029824487,0.9533841053139236,False,complex_unsupported
770301,5x3,5,3,3,moderate_condition,3.333333333333333,False,True,ridge_filter_d31,31,imag,1e-08,0.4908302317554116,0.7460953414672951,0.7236112647128938,False,complex_unsupported
770301,5x3,5,3,3,moderate_condition,3.333333333333333,False,True,ridge_filter_d255,255,imag,1e-06,0.8386204411518056,0.6422220012448978,0.9799678885469766,False,complex_unsupported
770302,5x3,5,3,3,nearly_rank_deficient,3333.3333333333258,False,True,monomial_x1,1,neg_imag,1e-08,0.9321606931311051,0.6409285910396748,0.6880900911138442,False,complex_unsupported
770302,5x3,5,3,3,nearly_rank_deficient,3333.3333333333258,False,True,monomial_x3,3,imag,1e-08,0.5547413237038871,0.6847647301079139,0.8581366347018743,False,complex_unsupported
770302,5x3,5,3,3,nearly_rank_deficient,3333.3333333333258,False,True,ridge_filter_d7,7,imag,1e-08,1.30399240405933,1.51205317818422,1.8537118081097437,False,complex_unsupported
770302,5x3,5,3,3,nearly_rank_deficient,3333.3333333333258,False,True,ridge_filter_d31,31,imag,1e-08,1.1389577244242959,1.3472751665644587,1.3473671828667506,False,complex_unsupported
770302,5x3,5,3,3,nearly_rank_deficient,3333.3333333333258,False,True,ridge_filter_d255,255,imag,1e-06,1.8523744808848548,1.3162841627823336,1.4080932380468723,False,complex_unsupported
770303,5x3,5,3,3,exact_zero_singular_values,inf,True,True,monomial_x1,1,neg_imag,1e-08,0.9554830265328575,0.5139335208089343,0.6759942867602593,False,complex_unsupported
770303,5x3,5,3,3,exact_zero_singular_values,inf,True,True,monomial_x3,3,imag,1e-08,0.33328970065421865,0.7366300595152081,0.870895534794331,False,complex_unsupported
770303,5x3,5,3,3,exact_zero_singular_values,inf,True,True,ridge_filter_d7,7,imag,1e-08,0.6472726874556199,1.7381000793225154,1.7787795146845131,False,complex_unsupported
770303,5x3,5,3,3,exact_zero_singular_values,inf,True,True,ridge_filter_d31,31,imag,1e-08,0.805875899227578,1.548061136508244,1.581945399879713,False,complex_unsupported
770303,5x3,5,3,3,exact_zero_singular_values,inf,True,True,ridge_filter_d255,255,imag,1e-06,1.0129378454097506,1.1256971238897158,1.2893336629026309,False,complex_unsupported
770304,5x3,5,3,3,repeated_singular_values,1.0000000000000002,True,True,monomial_x1,1,neg_imag,1e-08,0.6825123181961147,0.6157787231656117,0.5418278283479341,False,complex_unsupported
770304,5x3,5,3,3,repeated_singular_values,1.0000000000000002,True,True,monomial_x3,3,imag,1e-08,0.8853215405839844,1.149942413591739,1.448566875768748,False,complex_unsupported
770304,5x3,5,3,3,repeated_singular_values,1.0000000000000002,True,True,ridge_filter_d7,7,imag,1e-08,1.670056956746916,1.532423241329956,1.6697181515849497,False,complex_unsupported
770304,5x3,5,3,3,repeated_singular_values,1.0000000000000002,True,True,ridge_filter_d31,31,imag,1e-08,0.9132852320280483,0.7766487588464249,0.7694125143357138,False,complex_unsupported
770304,5x3,5,3,3,repeated_singular_values,1.0000000000000002,True,True,ridge_filter_d255,255,imag,1e-06,0.3130816500159384,0.5932877753080006,0.5342819140690193,False,complex_unsupported
770305,5x3,5,3,3,clustered_singular_values,1.0281690140845072,False,True,monomial_x1,1,neg_imag,1e-08,0.5532398211597284,0.6161692156046125,0.6253712424817859,False,complex_unsupported
770305,5x3,5,3,3,clustered_singular_values,1.0281690140845072,False,True,monomial_x3,3,imag,1e-08,1.12715534854178,1.063668033243997,1.5458920527234068,False,complex_unsupported
770305,5x3,5,3,3,clustered_singular_values,1.0281690140845072,False,True,ridge_filter_d7,7,imag,1e-08,1.325893680631265,0.7621364957479906,0.918319811760511,False,complex_unsupported
770305,5x3,5,3,3,clustered_singular_values,1.0281690140845072,False,True,ridge_filter_d31,31,imag,1e-08,0.4716528831698495,0.9130922433550495,0.9143155648003606,False,complex_unsupported
770305,5x3,5,3,3,clustered_singular_values,1.0281690140845072,False,True,ridge_filter_d255,255,imag,1e-06,1.152661480197149,1.305870043550242,1.5627172713838904,False,complex_unsupported
770306,5x3,5,3,3,random_decay,1.993396109070987,True,True,monomial_x1,1,neg_imag,1e-08,0.7358399268756408,0.6101145064282997,0.5568526539089731,False,complex_unsupported
770306,5x3,5,3,3,random_decay,1.993396109070987,True,True,monomial_x3,3,imag,1e-08,0.7447125832307386,1.0369461750659477,1.1686644244568878,False,complex_unsupported
770306,5x3,5,3,3,random_decay,1.993396109070987,True,True,ridge_filter_d7,7,imag,1e-08,0.4972027269418159,0.6217240242006964,0.881166883849833,False,complex_unsupported
770306,5x3,5,3,3,random_decay,1.993396109070987,True,True,ridge_filter_d31,31,imag,1e-08,1.1654457533158096,1.3814334119562446,1.61446786117864,False,complex_unsupported
770306,5x3,5,3,3,random_decay,1.993396109070987,True,True,ridge_filter_d255,255,imag,1e-06,1.320644784837091,1.4125601087098505,1.7182813594827946,False,complex_unsupported
770400,6x4,6,4,4,well_conditioned,1.111111111111111,False,True,monomial_x1,1,neg_imag,1e-08,0.5960589729140872,0.4838177813216995,0.5136610813337968,False,complex_unsupported
770400,6x4,6,4,4,well_conditioned,1.111111111111111,False,True,monomial_x3,3,imag,1e-08,0.38076209805356176,0.5878387719572046,0.5734383187464331,False,complex_unsupported
770400,6x4,6,4,4,well_conditioned,1.111111111111111,False,True,ridge_filter_d7,7,imag,1e-08,0.7834286868326877,0.8654764995856609,1.210092325765354,False,complex_unsupported
770400,6x4,6,4,4,well_conditioned,1.111111111111111,False,True,ridge_filter_d31,31,imag,1e-08,0.7500491754105827,0.7442228707411458,0.9889742610446586,False,complex_unsupported
770400,6x4,6,4,4,well_conditioned,1.111111111111111,False,True,ridge_filter_d255,255,imag,1e-06,1.4523831353697483,1.0975284136520391,1.4476284192249431,False,complex_unsupported
770401,6x4,6,4,4,moderate_condition,3.3333333333333335,False,True,monomial_x1,1,neg_imag,1e-08,0.6702697439175751,0.6300066288821798,0.5506861591367204,False,complex_unsupported
770401,6x4,6,4,4,moderate_condition,3.3333333333333335,False,True,monomial_x3,3,imag,1e-08,0.43863349426524467,0.676352375197267,0.8173218800242606,False,complex_unsupported
770401,6x4,6,4,4,moderate_condition,3.3333333333333335,False,True,ridge_filter_d7,7,imag,1e-08,0.4212993039601199,0.48530740039971676,0.6984321019131784,False,complex_unsupported
770401,6x4,6,4,4,moderate_condition,3.3333333333333335,False,True,ridge_filter_d31,31,imag,1e-08,0.5647638845059803,0.7208419374808264,0.7552691405950839,False,complex_unsupported
770401,6x4,6,4,4,moderate_condition,3.3333333333333335,False,True,ridge_filter_d255,255,imag,1e-06,0.5858204627318441,0.5923194933290844,0.6780453265965868,False,complex_unsupported
770402,6x4,6,4,4,nearly_rank_deficient,3333.333333332705,False,True,monomial_x1,1,neg_imag,1e-08,0.6025732767249027,0.6994546931669722,0.6117264201886911,False,complex_unsupported
770402,6x4,6,4,4,nearly_rank_deficient,3333.333333332705,False,True,monomial_x3,3,imag,1e-08,0.4135190763096157,0.6266456088286143,0.753233104888539,False,complex_unsupported
770402,6x4,6,4,4,nearly_rank_deficient,3333.333333332705,False,True,ridge_filter_d7,7,imag,1e-08,0.7358368209709569,0.7583718152587161,1.1093565480194587,False,complex_unsupported
770402,6x4,6,4,4,nearly_rank_deficient,3333.333333332705,False,True,ridge_filter_d31,31,imag,1e-08,0.9803719297264447,1.019444367566472,1.3254376772334453,False,complex_unsupported
770402,6x4,6,4,4,nearly_rank_deficient,3333.333333332705,False,True,ridge_filter_d255,255,imag,1e-06,0.9102712656524092,0.6104754581230155,0.8388931788688375,False,complex_unsupported
770403,6x4,6,4,4,exact_zero_singular_values,inf,True,True,monomial_x1,1,neg_imag,1e-08,0.7245781128198865,0.48719276961585284,0.6436689009459512,False,complex_unsupported
770403,6x4,6,4,4,exact_zero_singular_values,inf,True,True,monomial_x3,3,imag,1e-08,0.40332707029604975,0.8765605966585602,0.8081983976885498,False,complex_unsupported
770403,6x4,6,4,4,exact_zero_singular_values,inf,True,True,ridge_filter_d7,7,imag,1e-08,0.7576210070177444,0.9181432402305232,1.17214337324208,False,complex_unsupported
770403,6x4,6,4,4,exact_zero_singular_values,inf,True,True,ridge_filter_d31,31,imag,1e-08,0.9726131148741025,1.237749922492941,1.2394443073754504,False,complex_unsupported
770403,6x4,6,4,4,exact_zero_singular_values,inf,True,True,ridge_filter_d255,255,imag,1e-06,1.0505385915043723,1.0908870651193325,1.2558840967145761,False,complex_unsupported
770404,6x4,6,4,4,repeated_singular_values,1.0000000000000002,True,True,monomial_x1,1,neg_imag,1e-08,0.7525484212510299,0.6009684346759959,0.5682487601718579,False,complex_unsupported
770404,6x4,6,4,4,repeated_singular_values,1.0000000000000002,True,True,monomial_x3,3,imag,1e-08,0.9591079128206216,1.5110704168756122,1.519202757989444,False,complex_unsupported
770404,6x4,6,4,4,repeated_singular_values,1.0000000000000002,True,True,ridge_filter_d7,7,imag,1e-08,1.8092463224023911,1.5442331328274481,1.751137944257285,False,complex_unsupported
770404,6x4,6,4,4,repeated_singular_values,1.0000000000000002,True,True,ridge_filter_d31,31,imag,1e-08,0.9894022170835981,0.8098304509010738,0.806931066396287,False,complex_unsupported
770404,6x4,6,4,4,repeated_singular_values,1.0000000000000002,True,True,ridge_filter_d255,255,imag,1e-06,0.3391751743959011,0.5762424079994831,0.5603348875189116,False,complex_unsupported
770405,6x4,6,4,4,clustered_singular_values,1.0422535211267605,False,True,monomial_x1,1,neg_imag,1e-08,0.7857485378073968,0.3319258556052249,0.5660934406697573,False,complex_unsupported
770405,6x4,6,4,4,clustered_singular_values,1.0422535211267605,False,True,monomial_x3,3,imag,1e-08,0.589095243591003,1.3797556536606772,1.3797230175319164,False,complex_unsupported
770405,6x4,6,4,4,clustered_singular_values,1.0422535211267605,False,True,ridge_filter_d7,7,imag,1e-08,0.6261314423334245,0.7041947453552476,0.953194880178914,False,complex_unsupported
770405,6x4,6,4,4,clustered_singular_values,1.0422535211267605,False,True,ridge_filter_d31,31,imag,1e-08,0.49827866430506546,0.875843636049682,0.8496513312874959,False,complex_unsupported
770405,6x4,6,4,4,clustered_singular_values,1.0422535211267605,False,True,ridge_filter_d255,255,imag,1e-06,0.7745632244570564,0.9850538896914316,1.0606765791213713,False,complex_unsupported
770406,6x4,6,4,4,random_decay,3.2477114529785718,True,True,monomial_x1,1,neg_imag,1e-08,0.7647571361390711,0.48133623297452754,0.6744946034010051,False,complex_unsupported
770406,6x4,6,4,4,random_decay,3.2477114529785718,True,True,monomial_x3,3,imag,1e-08,0.5412712129502505,0.9995933203763698,1.0232725855509426,False,complex_unsupported
770406,6x4,6,4,4,random_decay,3.2477114529785718,True,True,ridge_filter_d7,7,imag,1e-08,0.4249182883052301,0.7151807087998819,0.6553572299899998,False,complex_unsupported
770406,6x4,6,4,4,random_decay,3.2477114529785718,True,True,ridge_filter_d31,31,imag,1e-08,0.5342878528050007,0.6902637578054784,0.731028182386345,False,complex_unsupported
770406,6x4,6,4,4,random_decay,3.2477114529785718,True,True,ridge_filter_d255,255,imag,1e-06,0.42537466423853787,0.7316740841929416,0.7801212877417045,False,complex_unsupported
770500,8x5,8,5,5,well_conditioned,1.1111111111111107,False,True,monomial_x1,1,neg_imag,1e-08,0.5299470145628772,0.40109163603676085,0.37891660518059006,False,complex_unsupported
770500,8x5,8,5,5,well_conditioned,1.1111111111111107,False,True,monomial_x3,3,imag,1e-08,0.27602127394462167,0.41882342500381947,0.44069614245696853,False,complex_unsupported
770500,8x5,8,5,5,well_conditioned,1.1111111111111107,False,True,ridge_filter_d7,7,imag,1e-08,0.7386937555412733,0.763888527628443,1.0729587492576111,False,complex_unsupported
770500,8x5,8,5,5,well_conditioned,1.1111111111111107,False,True,ridge_filter_d31,31,imag,1e-08,1.2877868817370277,1.1513646420781931,1.3140056721196305,False,complex_unsupported
770500,8x5,8,5,5,well_conditioned,1.1111111111111107,False,True,ridge_filter_d255,255,imag,1e-06,1.2255150577714538,0.9050378213058186,1.0380207383026239,False,complex_unsupported
770501,8x5,8,5,5,moderate_condition,3.3333333333333326,False,True,monomial_x1,1,neg_imag,1e-08,0.59341978119735,0.35622862282730977,0.42547115151790077,False,complex_unsupported
770501,8x5,8,5,5,moderate_condition,3.3333333333333326,False,True,monomial_x3,3,imag,1e-08,0.32970300551642395,0.641437717536586,0.6344351707327817,False,complex_unsupported
770501,8x5,8,5,5,moderate_condition,3.3333333333333326,False,True,ridge_filter_d7,7,imag,1e-08,0.298322927060108,0.438975365040527,0.45219709421445453,False,complex_unsupported
770501,8x5,8,5,5,moderate_condition,3.3333333333333326,False,True,ridge_filter_d31,31,imag,1e-08,0.36047854591525713,0.480999584601519,0.4566986795243986,False,complex_unsupported
770501,8x5,8,5,5,moderate_condition,3.3333333333333326,False,True,ridge_filter_d255,255,imag,1e-06,0.4936584778581547,0.8134380741767682,0.828976430703055,False,complex_unsupported
770502,8x5,8,5,5,nearly_rank_deficient,3333.3333333337227,False,True,monomial_x1,1,neg_imag,1e-08,0.5611969311875762,0.4192520714731305,0.4051176887837475,False,complex_unsupported
770502,8x5,8,5,5,nearly_rank_deficient,3333.3333333337227,False,True,monomial_x3,3,imag,1e-08,0.3409290345914728,0.581360617397717,0.6003302297515022,False,complex_unsupported
770502,8x5,8,5,5,nearly_rank_deficient,3333.3333333337227,False,True,ridge_filter_d7,7,imag,1e-08,0.4303957030277415,0.8639588372171846,0.9055174892013933,False,complex_unsupported
770502,8x5,8,5,5,nearly_rank_deficient,3333.3333333337227,False,True,ridge_filter_d31,31,imag,1e-08,0.6892826847698277,0.5148315111898413,0.6366610979307001,False,complex_unsupported
770502,8x5,8,5,5,nearly_rank_deficient,3333.3333333337227,False,True,ridge_filter_d255,255,imag,1e-06,0.5715583311140497,0.8150016180350407,0.8826041233077166,False,complex_unsupported
770503,8x5,8,5,5,exact_zero_singular_values,inf,True,True,monomial_x1,1,neg_imag,1e-08,0.4871564962257352,0.40977556022010436,0.3724080855642316,False,complex_unsupported
770503,8x5,8,5,5,exact_zero_singular_values,inf,True,True,monomial_x3,3,imag,1e-08,0.31501087247646536,0.5817303096944084,0.585656404676265,False,complex_unsupported
770503,8x5,8,5,5,exact_zero_singular_values,inf,True,True,ridge_filter_d7,7,imag,1e-08,0.561352504508399,0.7419303811018587,0.7825065623822839,False,complex_unsupported
770503,8x5,8,5,5,exact_zero_singular_values,inf,True,True,ridge_filter_d31,31,imag,1e-08,0.613332625319989,0.7140485364408289,0.7258521393067268,False,complex_unsupported
770503,8x5,8,5,5,exact_zero_singular_values,inf,True,True,ridge_filter_d255,255,imag,1e-06,0.6842646812897247,0.8196886397359217,0.8684195507988234,False,complex_unsupported
770504,8x5,8,5,5,repeated_singular_values,1.0000000000000004,True,True,monomial_x1,1,neg_imag,1e-08,0.6046315476718547,0.4342837681876884,0.4378843381106829,False,complex_unsupported
770504,8x5,8,5,5,repeated_singular_values,1.0000000000000004,True,True,monomial_x3,3,imag,1e-08,0.6751130332096448,1.173082041936556,1.170675839111277,False,complex_unsupported
770504,8x5,8,5,5,repeated_singular_values,1.0000000000000004,True,True,ridge_filter_d7,7,imag,1e-08,1.273522784311643,1.1970955301226203,1.3494017645189467,False,complex_unsupported
770504,8x5,8,5,5,repeated_singular_values,1.0000000000000004,True,True,ridge_filter_d31,31,imag,1e-08,0.6964370982073975,0.589141148031969,0.6218094973107,False,complex_unsupported
770504,8x5,8,5,5,repeated_singular_values,1.0000000000000004,True,True,ridge_filter_d255,255,imag,1e-06,0.23874433493096556,0.39052441294938606,0.43178602143785866,False,complex_unsupported
770505,8x5,8,5,5,clustered_singular_values,1.0563380281690145,False,True,monomial_x1,1,neg_imag,1e-08,0.6188173431800026,0.38786151620309045,0.44436990001181204,False,complex_unsupported
770505,8x5,8,5,5,clustered_singular_values,1.0563380281690145,False,True,monomial_x3,3,imag,1e-08,0.6624156032559415,0.9301724166939765,1.0544918762165467,False,complex_unsupported
770505,8x5,8,5,5,clustered_singular_values,1.0563380281690145,False,True,ridge_filter_d7,7,imag,1e-08,0.7290485798458468,0.4752473337458489,0.5716269639750117,False,complex_unsupported
770505,8x5,8,5,5,clustered_singular_values,1.0563380281690145,False,True,ridge_filter_d31,31,imag,1e-08,0.4994381801740283,0.6747706137850913,0.8336525405783526,False,complex_unsupported
770505,8x5,8,5,5,clustered_singular_values,1.0563380281690145,False,True,ridge_filter_d255,255,imag,1e-06,0.737832531126078,0.6731884540278317,0.9395682491000502,False,complex_unsupported
770506,8x5,8,5,5,random_decay,4.314453446870697,True,True,monomial_x1,1,neg_imag,1e-08,0.5566553988483901,0.418925251509844,0.4034195004204422,False,complex_unsupported
770506,8x5,8,5,5,random_decay,4.314453446870697,True,True,monomial_x3,3,imag,1e-08,1.004489788436255,1.2756591077775161,1.3403040276068208,False,complex_unsupported
770506,8x5,8,5,5,random_decay,4.314453446870697,True,True,ridge_filter_d7,7,imag,1e-08,0.27156262864209973,0.4209448559035687,0.43482742297744964,False,complex_unsupported
770506,8x5,8,5,5,random_decay,4.314453446870697,True,True,ridge_filter_d31,31,imag,1e-08,0.271428019800066,0.40400422899199956,0.4209501960835158,False,complex_unsupported
770506,8x5,8,5,5,random_decay,4.314453446870697,True,True,ridge_filter_d255,255,imag,1e-06,0.3232648562272623,0.343809847208129,0.49065923522296084,False,complex_unsupported
770600,12x7,12,7,7,well_conditioned,1.1111111111111112,False,True,monomial_x1,1,neg_imag,1e-08,0.4131169875472989,0.3076198441810058,0.30113354682185445,False,complex_unsupported
770600,12x7,12,7,7,well_conditioned,1.1111111111111112,False,True,monomial_x3,3,imag,1e-08,0.20294422355416925,0.3259389183004037,0.34458335614578617,False,complex_unsupported
770600,12x7,12,7,7,well_conditioned,1.1111111111111112,False,True,ridge_filter_d7,7,imag,1e-08,0.4335008844455188,0.6031377071211875,0.6887648458814887,False,complex_unsupported
770600,12x7,12,7,7,well_conditioned,1.1111111111111112,False,True,ridge_filter_d31,31,imag,1e-08,0.8922186166876769,0.6976755997094982,0.9586478311253357,False,complex_unsupported
770600,12x7,12,7,7,well_conditioned,1.1111111111111112,False,True,ridge_filter_d255,255,imag,1e-06,0.808011013725959,0.6977468747833994,0.8868998070227071,False,complex_unsupported
770601,12x7,12,7,7,moderate_condition,3.333333333333335,False,True,monomial_x1,1,neg_imag,1e-08,0.45048362997527325,0.37221736683524576,0.3254658973816399,False,complex_unsupported
770601,12x7,12,7,7,moderate_condition,3.333333333333335,False,True,monomial_x3,3,imag,1e-08,0.27761830144218025,0.4111268233451092,0.5089988086041385,False,complex_unsupported
770601,12x7,12,7,7,moderate_condition,3.333333333333335,False,True,ridge_filter_d7,7,imag,1e-08,0.24024901516991776,0.34391420951888946,0.38167200856820704,False,complex_unsupported
770601,12x7,12,7,7,moderate_condition,3.333333333333335,False,True,ridge_filter_d31,31,imag,1e-08,0.35577128464392654,0.4870076694406995,0.5188300892184237,False,complex_unsupported
770601,12x7,12,7,7,moderate_condition,3.333333333333335,False,True,ridge_filter_d255,255,imag,1e-06,0.38908720807785013,0.4024631379690108,0.42968043842901776,False,complex_unsupported
770602,12x7,12,7,7,nearly_rank_deficient,3333.3333333334203,False,True,monomial_x1,1,neg_imag,1e-08,0.45774403981454626,0.2937574772898251,0.3320699266106292,False,complex_unsupported
770602,12x7,12,7,7,nearly_rank_deficient,3333.3333333334203,False,True,monomial_x3,3,imag,1e-08,0.30434874812042423,0.4567653189405728,0.4975722597328105,False,complex_unsupported
770602,12x7,12,7,7,nearly_rank_deficient,3333.3333333334203,False,True,ridge_filter_d7,7,imag,1e-08,0.42038664993635144,0.5994000179875041,0.6162847008184006,False,complex_unsupported
770602,12x7,12,7,7,nearly_rank_deficient,3333.3333333334203,False,True,ridge_filter_d31,31,imag,1e-08,0.46795413807410097,0.7671041186961012,0.7860779801540033,False,complex_unsupported
770602,12x7,12,7,7,nearly_rank_deficient,3333.3333333334203,False,True,ridge_filter_d255,255,imag,1e-06,0.4822249969203771,0.41940491413994685,0.4192958048281369,False,complex_unsupported
770603,12x7,12,7,7,exact_zero_singular_values,inf,True,True,monomial_x1,1,neg_imag,1e-08,0.418077628167318,0.2925407612305746,0.36991829614458005,False,complex_unsupported
770603,12x7,12,7,7,exact_zero_singular_values,inf,True,True,monomial_x3,3,imag,1e-08,0.2673289521626786,0.5983454347569603,0.6256825284881243,False,complex_unsupported
770603,12x7,12,7,7,exact_zero_singular_values,inf,True,True,ridge_filter_d7,7,imag,1e-08,0.4474841752353262,0.5914419927693383,0.6754917407887275,False,complex_unsupported
770603,12x7,12,7,7,exact_zero_singular_values,inf,True,True,ridge_filter_d31,31,imag,1e-08,0.6362958295491039,0.6821848419043887,0.840621564836095,False,complex_unsupported
770603,12x7,12,7,7,exact_zero_singular_values,inf,True,True,ridge_filter_d255,255,imag,1e-06,0.5346253878282526,0.766815452745203,0.7401300263191523,False,complex_unsupported
770604,12x7,12,7,7,repeated_singular_values,1.0000000000000002,True,True,monomial_x1,1,neg_imag,1e-08,0.459748137809238,0.3427695736882226,0.3486707177045151,False,complex_unsupported
770604,12x7,12,7,7,repeated_singular_values,1.0000000000000002,True,True,monomial_x3,3,imag,1e-08,0.4948613421589075,0.7406040459341793,0.9321648423951842,False,complex_unsupported
770604,12x7,12,7,7,repeated_singular_values,1.0000000000000002,True,True,ridge_filter_d7,7,imag,1e-08,0.9334988216294101,1.0582702407151248,1.074477529241144,False,complex_unsupported
770604,12x7,12,7,7,repeated_singular_values,1.0000000000000002,True,True,ridge_filter_d31,31,imag,1e-08,0.5104919910639071,0.5037166395733221,0.49512335754744935,False,complex_unsupported
770604,12x7,12,7,7,repeated_singular_values,1.0000000000000002,True,True,ridge_filter_d255,255,imag,1e-06,0.17500083126208804,0.2801768952061591,0.3438148590540705,False,complex_unsupported
770605,12x7,12,7,7,clustered_singular_values,1.5000000000000002,False,True,monomial_x1,1,neg_imag,1e-08,0.3988035188587399,0.4215960461729467,0.37169040021028044,False,complex_unsupported
770605,12x7,12,7,7,clustered_singular_values,1.5000000000000002,False,True,monomial_x3,3,imag,1e-08,0.6604767411018199,0.5733955712853076,0.9649120067814777,False,complex_unsupported
770605,12x7,12,7,7,clustered_singular_values,1.5000000000000002,False,True,ridge_filter_d7,7,imag,1e-08,0.4543552423945059,0.47377748361587424,0.4249363969530203,False,complex_unsupported
770605,12x7,12,7,7,clustered_singular_values,1.5000000000000002,False,True,ridge_filter_d31,31,imag,1e-08,0.4273110573712888,0.47272028622968887,0.644599404743232,False,complex_unsupported
770605,12x7,12,7,7,clustered_singular_values,1.5000000000000002,False,True,ridge_filter_d255,255,imag,1e-06,0.4756505763981908,0.5323445810672562,0.9265991486427889,False,complex_unsupported
770606,12x7,12,7,7,random_decay,2.3365318760836145,True,True,monomial_x1,1,neg_imag,1e-08,0.33649141952158623,0.32247611172655444,0.3693567272681823,False,complex_unsupported
770606,12x7,12,7,7,random_decay,2.3365318760836145,True,True,monomial_x3,3,imag,1e-08,0.4588259907136712,0.64450868741338,0.8144377506104448,False,complex_unsupported
770606,12x7,12,7,7,random_decay,2.3365318760836145,True,True,ridge_filter_d7,7,imag,1e-08,0.25883374863067726,0.5155594011499903,0.5134530111302182,False,complex_unsupported
770606,12x7,12,7,7,random_decay,2.3365318760836145,True,True,ridge_filter_d31,31,imag,1e-08,0.2869678050737937,0.5212949044704005,0.51908339057284,False,complex_unsupported
770606,12x7,12,7,7,random_decay,2.3365318760836145,True,True,ridge_filter_d255,255,imag,1e-06,0.41781807338090676,0.5392391662419954,0.6110313112333776,False,complex_unsupported
