case_name,full_shape,block_size,selection_rule,status,skipped_with_reason,selected_rows,selected_cols,lambda_alpha_over_block_beta2,alpha,sigma_min,sigma_max,kappa_effective,numerical_rank,full_selected_functional,block_selected_functional,absolute_discrepancy_delta_l,relative_discrepancy_vs_full,selected_coordinate_vector_relative_discrepancy,out_of_block_coupling_fraction,selected_rows_out_of_block_energy_fraction,selected_cols_out_of_block_energy_fraction,functional_column_leakage,block_frobenius_fraction,residual_energy_fraction,block_checksum,full_matrix_checksum,magnitude_class,interpretation
ieee14,82x27,4,largest_row_col_norms,computed,,17 31 48 68,2 3 16 17,0.06901796281445464,366448.36483477196,302.67489358830704,2304.227343618158,7.612879007904524,4.0,-0.0048382784120727836,-0.004259018143057706,0.0005792602690150774,0.11972445975197912,0.16927481448307677,0.21616639270053686,0.019414124088676855,0.3471576811148318,0.22543776567525334,0.2934727709678126,0.4459145779992636,cdb5eaf8f1cb8a61d25e0a6246bc80a0,211de0724b65a69af46bb4cade1fd321,0.05_to_0.5,selected-submatrix surrogate; not the selected functional of the full-system Ridge update
ieee14,82x27,4,column_leverage,computed,,17 19 31 55,2 3 7 16,0.06901796281445464,178521.7801462006,0.0,1608.2906469598374,12.033543219194064,3.0,-0.005354014553857626,-0.0035278889988225996,0.0018261255550350267,0.3410759415510522,0.6604922259428284,0.5597227941719051,0.26455212562318453,0.6858188343441912,0.548162454894542,0.12480359459343947,0.24813591712772134,b7d5edf3f49e129bb42333bf0e17be43,211de0724b65a69af46bb4cade1fd321,0.05_to_0.5,selected-submatrix surrogate; not the selected functional of the full-system Ridge update
ieee14,82x27,4,seeded_random,computed,,18 25 48 49,13 16 17 25,0.06901796281445464,27345.953527147372,8.394929461657593,629.4561304401142,74.98051452547011,4.0,0.0042162466776147715,0.0004390124843417307,0.0037772341932730408,0.8958759963755037,1.1660907072223565,0.9471526828041792,0.9230313770365637,0.9597627055144532,0.9981246032893172,0.011277413217709175,0.15431301234794584,44feb6fe5b58080dabf53a65468bbd42,211de0724b65a69af46bb4cade1fd321,above_0.5,selected-submatrix surrogate; not the selected functional of the full-system Ridge update
ieee14,82x27,8,largest_row_col_norms,computed,,15 17 18 29 31 32 48 68,0 2 3 7 13 14 16 17,0.06901796281445464,507204.47563585435,20.40722466179977,2710.8811047794657,132.83928362164585,8.0,0.004393109075087854,0.003937581251108952,0.0004555278239789023,0.10369144407592305,0.21818519707197404,0.16707905883043245,0.012925203026071197,0.27958760332666904,0.503581470969525,0.5038224435334676,0.6776049236212197,c5027daaefc0c0c2eb6117a0e1bd1194,211de0724b65a69af46bb4cade1fd321,0.05_to_0.5,selected-submatrix surrogate; not the selected functional of the full-system Ridge update
ieee14,82x27,8,column_leverage,computed,,15 17 19 29 31 33 55 75,2 3 4 5 7 8 16 23,0.06901796281445464,180910.10942006926,3.935730792412046e-17,1619.0130525213742,469.6263771357725,7.0,-0.00534614048025998,-0.007661351701465127,0.0023152112212051464,0.43306217443290207,0.4453854653279563,0.6195373462558602,0.4712081190054153,0.7028809767236616,0.5395003837817627,0.14627161927065993,0.3734450078929605,d75bb80937ca99825b2f9eddda763b43,211de0724b65a69af46bb4cade1fd321,0.05_to_0.5,selected-submatrix surrogate; not the selected functional of the full-system Ridge update
ieee14,82x27,8,seeded_random,computed,,0 9 21 32 33 46 59 77,6 9 10 11 12 19 20 22,0.06901796281445464,22453.863140905334,8.553287264409594e-43,570.3802346514968,4.913148331010144,4.0,0.0033590661486535786,0.004111702026008699,0.0007526358773551202,0.22406104674562624,0.8465262890408198,0.8777452416021934,0.8843720925975984,0.8703126157718851,0.7647140542666014,0.012498104952484447,0.12030006020244662,00fdeb158c12f270f45da082c6b38ea1,211de0724b65a69af46bb4cade1fd321,0.05_to_0.5,selected-submatrix surrogate; not the selected functional of the full-system Ridge update
ieee14,82x27,16,largest_row_col_norms,computed,,15 17 18 20 22 28 29 31 32 36 42 48 57 62 68 77,0 2 3 4 5 7 8 11 13 14 16 17 18 19 21 22,0.06901796281445464,510132.58730168565,4.3122911172433454e-14,2718.6948560999017,91.11766711809236,15.0,0.004389429505603445,0.0043780333439992795,1.1396161604165268e-05,0.0025962739781142836,0.5147014232497392,0.13308634401167826,0.007963833054640464,0.2301812469702007,0.2146879164711942,0.7116609658145254,0.7960401428143078,abd8950af646ccc72ff176ad9b2ef9ff,211de0724b65a69af46bb4cade1fd321,below_0.05,selected-submatrix surrogate; not the selected functional of the full-system Ridge update
ieee14,82x27,16,column_leverage,computed,,15 17 18 19 20 22 29 31 32 33 36 55 56 57 75 77,1 2 3 4 5 6 7 8 11 13 14 16 17 18 23 26,0.06901796281445464,319850.7199553553,2.076157766183696e-17,2152.7450446545795,704.768265398505,14.0,0.0013287056832395506,-0.0016599905220888954,0.002988696205328446,2.249328984611273,0.4477462446996405,0.3273408478296401,0.18112290786059226,0.4292529210032003,0.8093468208804144,0.4410133840297655,0.5267138588272288,c19ea96410d71a7638b65ead7794b323,211de0724b65a69af46bb4cade1fd321,above_0.5,selected-submatrix surrogate; not the selected functional of the full-system Ridge update
ieee14,82x27,16,seeded_random,computed,,8 10 14 18 20 25 27 33 43 45 49 54 56 57 71 73,0 1 3 4 5 6 8 10 13 15 16 18 22 24 25 26,0.06901796281445464,117266.49190729218,5.239884362752065e-16,1303.4845817827218,121.34546922064493,13.0,0.004921384147702987,0.0024832754474685944,0.0024381087002343926,0.4954111743892942,0.7271105446932967,0.6564044979136786,0.30903305510497564,0.7713528295132247,0.8405957090854821,0.12237163737722967,0.10331687684035551,0c373af9972a3406013a05a8a3604633,211de0724b65a69af46bb4cade1fd321,0.05_to_0.5,selected-submatrix surrogate; not the selected functional of the full-system Ridge update
ieee14,82x27,32,largest_row_col_norms,skipped,block size 32 exceeds min dimension 27 of the 82x27 weighted Jacobian,,,0.06901796281445464,,,,,,,,,,,,,,,,,,211de0724b65a69af46bb4cade1fd321,,selected-submatrix surrogate; not the selected functional of the full-system Ridge update
ieee14,82x27,32,column_leverage,skipped,block size 32 exceeds min dimension 27 of the 82x27 weighted Jacobian,,,0.06901796281445464,,,,,,,,,,,,,,,,,,211de0724b65a69af46bb4cade1fd321,,selected-submatrix surrogate; not the selected functional of the full-system Ridge update
ieee14,82x27,32,seeded_random,skipped,block size 32 exceeds min dimension 27 of the 82x27 weighted Jacobian,,,0.06901796281445464,,,,,,,,,,,,,,,,,,211de0724b65a69af46bb4cade1fd321,,selected-submatrix surrogate; not the selected functional of the full-system Ridge update
ieee14,82x27,64,largest_row_col_norms,skipped,block size 64 exceeds min dimension 27 of the 82x27 weighted Jacobian,,,0.06901796281445464,,,,,,,,,,,,,,,,,,211de0724b65a69af46bb4cade1fd321,,selected-submatrix surrogate; not the selected functional of the full-system Ridge update
ieee14,82x27,64,column_leverage,skipped,block size 64 exceeds min dimension 27 of the 82x27 weighted Jacobian,,,0.06901796281445464,,,,,,,,,,,,,,,,,,211de0724b65a69af46bb4cade1fd321,,selected-submatrix surrogate; not the selected functional of the full-system Ridge update
ieee14,82x27,64,seeded_random,skipped,block size 64 exceeds min dimension 27 of the 82x27 weighted Jacobian,,,0.06901796281445464,,,,,,,,,,,,,,,,,,211de0724b65a69af46bb4cade1fd321,,selected-submatrix surrogate; not the selected functional of the full-system Ridge update
ieee30,172x59,4,largest_row_col_norms,computed,,35 65 118 159,4 19 34 49,0.06901796281445464,589251.5205043,2195.3054881255334,2921.9265041514236,1.3309885662638767,4.0,-0.002698925462333383,-0.0024266724896234116,0.00027225297270997133,0.10087458009106791,1.1281091750371528,0.41648499867768846,0.3352389893597763,0.4800343540674467,0.40726797318142266,0.19300636085040504,0.26049755065108426,e4e54d0736b6136d742c920da1073e96,74dda851c32cc2974a883f6dbe21459f,0.05_to_0.5,selected-submatrix surrogate; not the selected functional of the full-system Ridge update
ieee30,172x59,4,column_leverage,computed,,35 39 65 69,2 5 38 40,0.06901796281445464,161582.70625498754,0.0,1530.08786464058,39.57549120502203,3.0,-0.005188411168155164,0.005025929122845064,0.010214340291000228,1.9686836605573275,1.694617679462784,0.845180434631284,0.8796289071008825,0.7831094979128879,0.9192294985649904,0.022689219194015463,0.06165666864023755,96dbdf25506b0448100563854c6ddf42,74dda851c32cc2974a883f6dbe21459f,above_0.5,selected-submatrix surrogate; not the selected functional of the full-system Ridge update
ieee30,172x59,4,seeded_random,computed,,61 83 114 167,7 33 37 54,0.06901796281445464,1687.0521541931312,0.0,156.34470820724206,1.0,1.0,-0.0025390871832541993,0.0,0.0025390871832541993,1.0,0.6707634899294779,0.987675813371617,0.9858141435151114,0.9891055394405394,0.9999999999999998,0.00017594802059448889,0.00151090865843819,88f74a222dac356bd001d95cde09c46c,74dda851c32cc2974a883f6dbe21459f,above_0.5,selected-submatrix surrogate; not the selected functional of the full-system Ridge update
ieee30,172x59,8,largest_row_col_norms,computed,,35 50 51 65 80 81 118 159,2 4 19 20 32 34 49 50,0.06901796281445464,1475634.2982262145,0.0,4623.8986081910925,11.778160054964708,6.0,-0.00417714779714883,0.0005650720253905544,0.0047422198225393845,1.1352770006788488,0.5730797143280238,0.204019468634723,0.04374013910394165,0.31828256569449537,0.9192294985649904,0.43953954453997746,0.5195104277375181,49323e95e43e3029a9b3ee1278ac364f,74dda851c32cc2974a883f6dbe21459f,above_0.5,selected-submatrix surrogate; not the selected functional of the full-system Ridge update
ieee30,172x59,8,column_leverage,computed,,35 39 41 65 69 71 102 105,2 3 5 8 16 38 40 52,0.06901796281445464,161687.85001523586,0.0,1530.5856067329873,23.168669821141776,5.0,-0.005188127535032998,0.0049916997919020245,0.010179827326935023,1.9621389910320077,1.4336457567726637,0.7406490287497952,0.7804598218589508,0.6832017289814892,0.9171758766090318,0.04472081921001261,0.06764237014075682,60ee8419a5819837f87a9f50e0b45f65,74dda851c32cc2974a883f6dbe21459f,above_0.5,selected-submatrix surrogate; not the selected functional of the full-system Ridge update
ieee30,172x59,8,seeded_random,computed,,16 70 84 93 96 125 129 146,1 11 22 30 33 44 48 55,0.06901796281445464,95114.07887637282,0.0,1173.9276587551726,3990.935098444577,4.0,0.0027292832531097804,0.010613136489438263,0.007883853236328483,2.8886167191864454,1.1284523438646454,0.8072187059706953,0.7847455954627175,0.8254429124693278,0.5653932603763621,0.010046132558198586,0.051498677522640354,0913774c5b454b2daddf2446354ed7cd,74dda851c32cc2974a883f6dbe21459f,above_0.5,selected-submatrix surrogate; not the selected functional of the full-system Ridge update
ieee30,172x59,16,largest_row_col_norms,computed,,33 35 50 51 63 65 80 81 93 96 99 118 134 137 140 159,0 1 2 4 6 8 19 20 30 31 32 34 36 38 49 50,0.06901796281445464,1476766.7255334577,52.625763150379335,4625.672497849328,87.89749014434929,16.0,0.0034715004856451666,0.0004237029220746903,0.0030477975635704764,0.8779481887366216,0.2744891378801686,0.1206170930919212,0.010744208819956908,0.20852339425517724,0.971539288396305,0.6536147249387414,0.7618950399756135,07a4ffdc507fe0711e91c87bfe497135,74dda851c32cc2974a883f6dbe21459f,above_0.5,selected-submatrix surrogate; not the selected functional of the full-system Ridge update
ieee30,172x59,16,column_leverage,computed,,31 33 35 39 41 44 56 61 65 69 71 74 102 105 115 146,2 3 5 7 8 10 16 25 30 31 34 38 40 44 52 53,0.06901796281445464,592242.6093338516,0.0,2929.3330856986504,639.6403648030979,14.0,-0.004640583786152635,-0.004996315958397403,0.000355732172244768,0.07665677178510649,0.9671230152925319,0.4716472405612148,0.4443824316868614,0.4963613811290673,0.48027101163567537,0.15244523112516153,0.14616047947222283,6016bc9063cd4b2ef736fe5db13609b6,74dda851c32cc2974a883f6dbe21459f,0.05_to_0.5,selected-submatrix surrogate; not the selected functional of the full-system Ridge update
ieee30,172x59,16,seeded_random,computed,,1 2 5 6 29 44 67 85 108 132 134 135 144 153 165 168,0 8 12 15 21 24 28 31 34 38 40 46 51 53 57 58,0.06901796281445464,97309.65912421884,0.0,1187.3996252383954,41.260271320152675,11.0,0.005083085168590288,0.0014593253573011158,0.003623759811289172,0.7129055860958875,1.193140635202074,0.8677459969178866,0.6023078824512075,0.9206846981170312,0.9984552485387953,0.01770154541503769,0.05841144010084934,e63ca697e4e665570c788ec1f984bf93,74dda851c32cc2974a883f6dbe21459f,above_0.5,selected-submatrix surrogate; not the selected functional of the full-system Ridge update
ieee30,172x59,32,largest_row_col_norms,computed,,31 32 33 35 37 39 50 51 57 61 62 63 65 67 69 80 81 87 93 96 99 113 116 118 130 131 134 137 140 157 159 171,0 1 2 4 5 6 7 8 10 15 17 18 19 20 26 29 30 31 32 34 35 36 37 38 40 43 45 47 48 49 50 56,0.06901796281445464,1498576.3147394976,5.834206015023018e-16,4659.704367896149,223.77231667354107,26.0,0.0034537445180446652,0.002708261481164358,0.0007454830368803073,0.21584776551519855,0.39457008962675355,0.07504486761624155,0.0009837846695216227,0.1388829330486649,0.4669606682971574,0.8243030889967649,0.8661595549709197,9b11a35ac62f9848c19d9e8d0829ab0d,74dda851c32cc2974a883f6dbe21459f,0.05_to_0.5,selected-submatrix surrogate; not the selected functional of the full-system Ridge update
ieee30,172x59,32,column_leverage,computed,,31 33 35 38 39 41 44 56 61 63 65 69 71 74 86 93 96 98 99 102 103 105 113 115 123 134 137 139 140 143 146 156,0 2 3 4 5 7 8 9 10 11 13 15 16 21 22 23 25 28 30 31 34 36 38 40 44 47 48 49 52 53 57 58,0.06901796281445464,1111286.085825455,6.969969002920888e-32,4012.655449690612,99634.55210865539,27.0,0.003801531647094794,0.002775952525293017,0.001025579121801777,0.2697805034940443,0.7277997024087759,0.3116692887388455,0.24167701708242162,0.36983292856801625,0.49337568165270923,0.35543804095979376,0.34831953819205086,0f8277e859cb83d88bdf65d948946ad1,74dda851c32cc2974a883f6dbe21459f,0.05_to_0.5,selected-submatrix surrogate; not the selected functional of the full-system Ridge update
ieee30,172x59,32,seeded_random,computed,,1 9 11 17 19 26 38 43 46 53 65 72 78 80 83 87 88 94 110 116 118 119 120 121 128 129 130 149 152 156 158 171,2 3 4 7 10 11 12 13 15 16 17 19 20 32 34 35 37 39 40 42 43 44 45 47 48 49 50 51 52 53 55 58,0.06901796281445464,709833.3922029912,3.7637470613897933e-29,3206.986596124911,4211.242416061078,25.0,-0.004562031352086237,0.000794350742028285,0.005356382094114522,1.1741221575921492,0.6433262816005587,0.5746098137757965,0.1424907352799142,0.7171463951400068,0.99517867364055,0.21258834566851043,0.26012975373518843,570f98db90cf1896f3f3a469c62fdf55,74dda851c32cc2974a883f6dbe21459f,above_0.5,selected-submatrix surrogate; not the selected functional of the full-system Ridge update
ieee30,172x59,64,largest_row_col_norms,skipped,block size 64 exceeds min dimension 59 of the 172x59 weighted Jacobian,,,0.06901796281445464,,,,,,,,,,,,,,,,,,74dda851c32cc2974a883f6dbe21459f,,selected-submatrix surrogate; not the selected functional of the full-system Ridge update
ieee30,172x59,64,column_leverage,skipped,block size 64 exceeds min dimension 59 of the 172x59 weighted Jacobian,,,0.06901796281445464,,,,,,,,,,,,,,,,,,74dda851c32cc2974a883f6dbe21459f,,selected-submatrix surrogate; not the selected functional of the full-system Ridge update
ieee30,172x59,64,seeded_random,skipped,block size 64 exceeds min dimension 59 of the 172x59 weighted Jacobian,,,0.06901796281445464,,,,,,,,,,,,,,,,,,74dda851c32cc2974a883f6dbe21459f,,selected-submatrix surrogate; not the selected functional of the full-system Ridge update
ieee57,331x113,4,largest_row_col_norms,computed,,78 135 203 283,20 21 77 78,0.06901796281445464,1983103.6842818416,629.7194691194653,5360.3314249498935,8.512252975829425,4.0,0.009822899777821196,0.009539961484481892,0.0002829382933393042,0.028803947891043468,0.08146131965527068,0.1686658007334007,0.03336011734261323,0.2707436577742836,0.27935457445215656,0.15374482872260847,0.3875987620225326,a7610c06c9957a60ab60cf2632a1cb52,a6c3d919d414317ca753e8ae569468f9,below_0.05,selected-submatrix surrogate; not the selected functional of the full-system Ridge update
ieee57,331x113,4,column_leverage,skipped,selected block is numerically zero (sigma_max <= 1e-12); alpha = lambda*beta^2 is undefined at fixed lambda,69 126 223 303,0 1 6 55,0.06901796281445464,,,,,,,,,,,,,,,,,,a6c3d919d414317ca753e8ae569468f9,,selected-submatrix surrogate; not the selected functional of the full-system Ridge update
ieee57,331x113,4,seeded_random,computed,,145 161 190 240,13 88 93 101,0.06901796281445464,17002.59056496718,0.0,496.33680450034814,1.2296276512892126,2.0,0.0036251023009347093,0.0,0.0036251023009347093,1.0,2.4332323702684615,0.9728370850642379,0.9367294040648678,0.9827063431935565,1.0,0.0011003481467478486,0.010331591076650366,722c8bf5ae46936a2212bd35047d4971,a6c3d919d414317ca753e8ae569468f9,above_0.5,selected-submatrix surrogate; not the selected functional of the full-system Ridge update
ieee57,331x113,8,largest_row_col_norms,computed,,78 79 94 135 136 151 203 283,20 21 36 46 68 77 78 93,0.06901796281445464,2585238.1770376503,4.383701360989751e-15,6120.250699940827,294.18858400215385,7.0,0.009550570422383275,0.008770839492026736,0.0007797309303565394,0.08164234133378215,0.1968523165422232,0.16258063975469877,0.013839884019025282,0.2723332988765158,0.09541715015308766,0.23833213409286583,0.4973862219175856,ef1cdeab25ca9df0e8aa78a6c059a687,a6c3d919d414317ca753e8ae569468f9,0.05_to_0.5,selected-submatrix surrogate; not the selected functional of the full-system Ridge update
ieee57,331x113,8,column_leverage,computed,,65 69 71 122 126 219 223 303,0 1 2 6 29 35 47 55,0.06901796281445464,44798.62799950105,0.0,805.6590477035604,4.073030531589437,4.0,0.005001809832233607,0.0,0.005001809832233607,1.0,5.128616238870945,0.9591021102500998,0.9630662644416325,0.9541846822951304,1.0,0.0037539153586898183,0.13681394702989716,523b291525cab8ec90f326b90d2ff54e,a6c3d919d414317ca753e8ae569468f9,above_0.5,selected-submatrix surrogate; not the selected functional of the full-system Ridge update
ieee57,331x113,8,seeded_random,computed,,8 11 45 106 240 242 285 313,20 40 41 87 93 99 103 107,0.06901796281445464,1565.0705104477354,0.0,150.5864468694987,1.0,1.0,0.01116293413986388,0.0,0.01116293413986388,1.0,1.3901046614923265,0.9990940620795721,0.972364328798452,0.9995394828248553,1.0,6.096481677431574e-05,0.004145843854308976,3e0e96f54aef9c6eac79e27e93280563,a6c3d919d414317ca753e8ae569468f9,above_0.5,selected-submatrix surrogate; not the selected functional of the full-system Ridge update
ieee57,331x113,16,largest_row_col_norms,computed,,69 71 78 79 94 104 126 128 135 136 151 161 203 231 283 311,0 11 13 20 21 36 45 46 56 68 70 77 78 93 102 103,0.06901796281445464,2587392.9586163573,0.0,6122.800766069531,22.465182101832845,14.0,0.0035200658557409076,0.0,0.0035200658557409076,1.0,0.31603796165382736,0.1832329875535106,0.03340665222759338,0.292845179225321,1.0,0.36248806712253806,0.5756877889476644,da72fc23e4013edec48b8b59479a61dc,a6c3d919d414317ca753e8ae569468f9,above_0.5,selected-submatrix surrogate; not the selected functional of the full-system Ridge update
ieee57,331x113,16,column_leverage,computed,,65 69 71 94 122 125 126 128 151 218 219 220 223 298 299 303,0 1 2 6 16 18 21 29 33 34 35 41 47 50 55 56,0.06901796281445464,175464.0534105826,0.0,1594.4577317668025,8.193577639231062,7.0,0.004888658677222987,0.0,0.004888658677222987,1.0,1.1881262976985607,0.9359364724041299,0.9372074522284574,0.9346129779977542,1.0,0.011335925201461617,0.18439700382148574,bd6c6c30e2d57e6d393f63a997cf502d,a6c3d919d414317ca753e8ae569468f9,above_0.5,selected-submatrix surrogate; not the selected functional of the full-system Ridge update
ieee57,331x113,16,seeded_random,computed,,3 21 27 41 78 101 130 171 194 222 241 292 297 313 321 328,7 12 23 28 30 32 34 74 76 84 86 89 93 95 103 110,0.06901796281445464,51146.10006299404,0.0,860.8454609849279,19.483950643631456,5.0,-0.0024065990396532765,0.0,0.0024065990396532765,1.0,3.8483171612375986,0.9605852198727436,0.937886481971395,0.9711339990997314,1.0,0.00363485312267098,0.1580851716109715,412825b5825126881e38af4d727b9909,a6c3d919d414317ca753e8ae569468f9,above_0.5,selected-submatrix surrogate; not the selected functional of the full-system Ridge update
ieee57,331x113,32,largest_row_col_norms,computed,,59 69 70 71 78 79 92 94 103 104 114 115 116 122 126 127 128 135 136 149 150 151 160 161 171 203 223 231 251 283 303 311,0 1 2 7 10 11 12 13 20 21 34 35 36 45 46 56 57 58 59 63 64 67 68 69 70 77 78 91 92 93 102 103,0.06901796281445464,2731482.048666625,1.8678272333452238e-14,6290.977142661793,120.14949284697477,27.0,0.003464501767889572,0.002368333455973084,0.0010961683119164877,0.31639998630574434,0.3335158452417162,0.17160702609489129,0.021764860742566082,0.28164221292593383,0.5138961500712336,0.5483039861949647,0.7160034895228652,02e1289a44b55c8268dde5e20fdabe08,a6c3d919d414317ca753e8ae569468f9,0.05_to_0.5,selected-submatrix surrogate; not the selected functional of the full-system Ridge update
ieee57,331x113,32,column_leverage,computed,,60 65 68 69 71 94 105 122 125 126 128 151 173 202 203 210 211 215 217 218 219 220 221 222 223 250 283 298 299 301 302 303,0 1 2 5 6 7 9 10 11 16 18 21 25 28 29 33 34 35 36 41 44 47 50 55 56 59 74 76 80 81 100 111,0.06901796281445464,609752.6071342614,0.0,2972.321376402251,601.4023085142692,17.0,0.0045467481794416904,-1.8517587335680896e-19,0.0045467481794416904,1.0,0.8711427367810775,0.6370405541607834,0.6491964454654116,0.6240119818401366,1.0,0.11402698747726076,0.40573271094152324,2baba91a39548a94bfd928ff5d58dae5,a6c3d919d414317ca753e8ae569468f9,above_0.5,selected-submatrix surrogate; not the selected functional of the full-system Ridge update
ieee57,331x113,32,seeded_random,computed,,0 3 5 8 21 32 34 37 47 51 52 76 92 116 130 165 181 203 221 224 235 242 245 264 267 277 281 289 292 294 309 330,0 6 7 8 11 14 28 32 40 43 44 45 50 51 55 56 66 77 80 81 83 85 86 91 92 98 100 103 106 109 110 112,0.06901796281445464,154030.8590225231,0.0,1493.904380202688,318.3122505977182,18.0,0.004907391732663526,-0.0017636947995354664,0.006671086532198992,1.359395559925722,1.8922683251835382,0.9216268744525682,0.8285604914744747,0.9492024542474996,0.9970251893332803,0.014750233169552106,0.15439468830855668,e56b87b3badff6bc1c60aea5b63a83ad,a6c3d919d414317ca753e8ae569468f9,above_0.5,selected-submatrix surrogate; not the selected functional of the full-system Ridge update
ieee57,331x113,64,largest_row_col_norms,computed,,57 58 59 60 63 64 65 68 69 70 71 78 79 85 92 93 94 102 103 104 114 115 116 117 120 121 122 125 126 127 128 135 136 142 149 150 151 160 161 171 173 178 183 188 203 207 219 221 223 231 249 251 253 258 263 268 283 287 299 301 302 303 311 329,0 1 2 4 5 6 7 8 9 10 11 12 13 20 21 22 24 26 27 30 31 33 34 35 36 37 38 42 44 45 46 49 56 57 58 59 61 62 63 64 65 66 67 68 69 70 77 78 79 81 83 84 87 88 90 91 92 93 94 95 99 101 102 103,0.06901796281445464,2737267.492638495,1.0815120311267795e-15,6297.635953380603,225.46622132631563,56.0,0.0034623090117407015,0.00335763390693496,0.0001046751048057416,0.03023274481012179,0.37354601665430515,0.11582980399991218,0.005596741489394184,0.20406227167354288,0.04067541825746173,0.7541952450802011,0.8317329651953127,26dfd291893d8ae971c291c5aa64a244,a6c3d919d414317ca753e8ae569468f9,below_0.05,selected-submatrix surrogate; not the selected functional of the full-system Ridge update
ieee57,331x113,64,column_leverage,computed,,57 60 62 65 67 68 69 70 71 80 93 94 97 105 112 114 116 117 119 122 123 124 125 126 128 151 162 173 178 202 203 207 210 211 212 215 217 218 219 220 221 222 223 231 235 241 250 253 282 283 287 290 291 295 297 298 299 300 301 302 303 311 315 330,0 1 2 3 4 5 6 7 8 9 10 11 12 13 14 15 16 18 21 23 25 27 28 29 33 34 35 36 41 42 43 44 45 47 49 50 51 55 56 57 59 60 63 65 68 72 73 74 75 76 80 81 82 85 86 92 93 94 97 99 100 103 105 111,0.06901796281445464,671436.663577966,8.372398582908481e-31,3119.043688286947,1660.5242820874148,48.0,0.0045035864817730455,0.0024131157337020604,0.002090470748070985,0.46417910625932385,0.7662675541585997,0.4570442031685099,0.4192421780937165,0.49022584071983377,0.8073225624065803,0.28606627574801785,0.4982061621864088,f52c733cd9ef887f1afdcc5242702341,a6c3d919d414317ca753e8ae569468f9,0.05_to_0.5,selected-submatrix surrogate; not the selected functional of the full-system Ridge update
ieee57,331x113,64,seeded_random,computed,,4 5 8 9 15 19 20 24 27 28 29 46 56 60 66 71 75 77 79 93 96 98 100 101 103 109 110 111 115 117 128 143 144 147 162 168 169 171 172 175 180 182 186 198 200 211 216 222 223 242 249 251 261 269 270 271 277 286 295 306 308 314 325 328,2 3 6 7 8 9 10 11 12 13 14 17 18 19 22 23 24 26 28 29 31 32 34 35 37 39 40 42 43 44 49 53 55 56 58 60 61 64 68 69 70 73 74 76 78 80 81 85 89 91 92 93 94 95 97 98 99 102 103 105 106 107 108 111,0.06901796281445464,470847.51107397367,3.2429054808361788e-16,2611.915191989537,677.0824789528201,50.0,-0.004731034843917103,-0.004903840935837449,0.00017280609192034564,0.03652606620357699,1.253658372972423,0.7335267558878704,0.47218315892999924,0.8217738001559932,0.5557528496910041,0.09550369448780195,0.1402110327978213,8d9527fd232c8938317cae0ab16508cc,a6c3d919d414317ca753e8ae569468f9,below_0.05,selected-submatrix surrogate; not the selected functional of the full-system Ridge update
ieee118,726x235,4,largest_row_col_norms,computed,,185 303 536 722,67 114 184 232,0.06901796281445464,37051627.53119066,2287.457898700746,23169.81556147317,10.129067544645697,4.0,0.00036684498062867403,0.00027992958113454597,8.691539949412806e-05,0.23692677856782543,0.41106586442210963,0.13575455503157768,0.013806213679638364,0.23086266066442723,0.22894014714257946,0.2524070521736173,0.017250204684133148,f8b779c5d3a71136020be57d658b465f,7fe25e4a1ca42aaee0573ddde6a51bb6,0.05_to_0.5,selected-submatrix surrogate; not the selected functional of the full-system Ridge update
ieee118,726x235,4,column_leverage,computed,,166 197 284 315,53 55 60 77,0.06901796281445464,16240.075461028888,0.0,485.07953586683027,2.2208716468967418,2.0,-0.0006384497613895869,0.1313021653047511,0.1319406150661407,206.6577874177159,35.19986571176883,0.9976246874271123,0.9947869179077363,0.9984619391792855,0.9990114045632641,6.764753586921075e-05,0.022598085117136218,eca27eec946baf6c01b990eeb5f59a43,7fe25e4a1ca42aaee0573ddde6a51bb6,above_0.5,selected-submatrix surrogate; not the selected functional of the full-system Ridge update
ieee118,726x235,4,seeded_random,skipped,selected block is numerically zero (sigma_max <= 1e-12); alpha = lambda*beta^2 is undefined at fixed lambda,11 44 154 193,12 49 72 100,0.06901796281445464,,,,,,,,,,,,,,,,,,7fe25e4a1ca42aaee0573ddde6a51bb6,,selected-submatrix surrogate; not the selected functional of the full-system Ridge update
ieee118,726x235,8,largest_row_col_norms,computed,,122 185 233 240 303 351 536 722,4 55 67 114 121 172 184 232,0.06901796281445464,46047163.361387484,1.334483103595656e-15,25829.760106384027,10.531455754445489,6.0,-0.0015253971802248753,-0.0014468875140136266,7.850966621124876e-05,0.051468343608498605,0.44864107185641583,0.12131060604262917,0.03596718281056252,0.1927724497069288,0.5771530202146917,0.3368549078078624,0.029745999624141217,094307560f6f7b6ffb68e2725c1c4f85,7fe25e4a1ca42aaee0573ddde6a51bb6,0.05_to_0.5,selected-submatrix surrogate; not the selected functional of the full-system Ridge update
ieee118,726x235,8,column_leverage,computed,,129 166 197 217 247 284 315 335,6 22 53 55 60 77 162 165,0.06901796281445464,756803.8748505731,0.0,3311.3920775282077,15.370715148180704,4.0,0.0029819675564434593,-0.017283786178208128,0.020265753734651587,6.796101349547276,3.4209128063213066,0.9279193041456361,0.8943564832588891,0.9452980494353761,0.9471215825731975,0.0029000702312375845,0.0630212818744162,45c3f142d766e3a653aa31590d1e3c54,7fe25e4a1ca42aaee0573ddde6a51bb6,above_0.5,selected-submatrix surrogate; not the selected functional of the full-system Ridge update
ieee118,726x235,8,seeded_random,computed,,116 260 262 320 467 544 681 696,54 92 167 170 171 179 200 226,0.06901796281445464,12227.236165779545,0.0,420.90402826999986,1.0,1.0,0.002123634554244073,0.0,0.002123634554244073,1.0,1.3900122237426351,0.9974251977054488,0.9840419430914482,0.9985996249174773,1.0000000000000002,4.234656478968864e-05,0.001577095708360339,54a6a5ca38b07a92097b9cb2ec387f5e,7fe25e4a1ca42aaee0573ddde6a51bb6,above_0.5,selected-submatrix surrogate; not the selected functional of the full-system Ridge update
ieee118,726x235,16,largest_row_col_norms,computed,,122 154 185 233 240 272 291 303 351 356 403 536 542 589 617 722,3 4 33 36 55 67 114 120 121 150 152 153 170 172 184 232,0.06901796281445464,46047163.361387484,4.0938260328184133e-14,25829.760106384027,23.075979150719622,14.0,0.0013157283240011121,0.0011977417869207634,0.00011798653708034877,0.08967393566595366,0.32432178732224964,0.10453050242995955,0.01518957972639235,0.17900983133352832,0.2821300398962035,0.4467267828587411,0.16189043040673398,fabd38b50245e6f37f04f5c0d46ed5b7,7fe25e4a1ca42aaee0573ddde6a51bb6,0.05_to_0.5,selected-submatrix surrogate; not the selected functional of the full-system Ridge update
ieee118,726x235,16,column_leverage,computed,,129 134 166 194 197 209 217 247 284 304 312 315 335 457 486 643,6 22 53 54 55 60 75 77 109 143 144 162 164 165 167 208,0.06901796281445464,1528768.4928923578,0.0,4706.4103850862075,293.83250361904953,7.0,0.0026589685917650994,-0.011757602287564313,0.014416570879329413,5.421865803145603,1.6827709680067653,0.8718987922716003,0.8547306331370519,0.885437916966487,0.9471215825731975,0.00837717547568828,0.10503184995163048,e4c4d2dc1436c0eeec182b55899e90c4,7fe25e4a1ca42aaee0573ddde6a51bb6,above_0.5,selected-submatrix surrogate; not the selected functional of the full-system Ridge update
ieee118,726x235,16,seeded_random,computed,,11 39 93 151 153 184 198 247 253 261 290 343 451 508 688 707,0 2 4 17 24 54 62 69 70 71 104 123 130 159 188 216,0.06901796281445464,71380.24094155095,0.0,1016.9695199696539,39.434311575576395,6.0,0.005212879078753506,0.0,0.005212879078753506,1.0,5.4897602004478285,0.9892933758534838,0.9861449858749026,0.9912758393626604,1.0,0.0004124410583244842,0.10843845673717283,976c361f0682ba56210a74dc9b5b85fd,7fe25e4a1ca42aaee0573ddde6a51bb6,above_0.5,selected-submatrix surrogate; not the selected functional of the full-system Ridge update
ieee118,726x235,32,largest_row_col_norms,computed,,121 122 151 153 154 173 185 194 233 239 240 269 271 272 289 291 303 351 356 399 403 431 474 535 536 542 585 589 617 660 721 722,3 4 33 34 35 36 53 55 60 64 67 75 76 112 113 114 120 121 150 151 152 153 170 172 177 181 184 193 194 230 231 232,0.06901796281445464,46152985.2248601,2.64645612789327e-15,25859.42300586715,7203.852657692216,26.0,0.0013152164201825226,0.0012929722614089664,2.224415877355619e-05,0.016912926596878406,0.44640332460169513,0.10286384264981682,0.009319702013130258,0.18026647985652147,0.009006086292818403,0.585513076172801,0.3524246177330781,f9ced214fa1540df61c852c7db79fc70,7fe25e4a1ca42aaee0573ddde6a51bb6,below_0.05,selected-submatrix surrogate; not the selected functional of the full-system Ridge update
ieee118,726x235,32,column_leverage,computed,,129 134 149 154 166 176 187 192 194 197 202 206 209 217 247 252 272 284 304 312 315 324 327 329 335 361 457 486 537 546 547 643,5 6 13 22 23 29 36 52 53 54 55 60 75 77 81 85 92 103 105 109 115 143 144 162 164 165 167 181 197 208 226 227,0.06901796281445464,2147397.0070300573,0.0,5577.95625041864,493.33189604175124,18.0,-0.0027318393750267525,2.0619109098242123e-18,0.0027318393750267547,1.0000000000000009,1.4849635824985095,0.8125220469431443,0.7928725764626929,0.8287663937064336,1.0,0.020285097732272946,0.1919792593442693,a0b1238b5bfea5f5d1f7fb1e0819ac55,7fe25e4a1ca42aaee0573ddde6a51bb6,above_0.5,selected-submatrix surrogate; not the selected functional of the full-system Ridge update
ieee118,726x235,32,seeded_random,computed,,1 29 31 36 38 47 81 116 119 128 179 203 273 303 315 355 358 405 410 428 434 435 450 469 477 496 564 579 612 613 626 643,1 3 8 11 13 14 18 25 52 61 62 68 69 71 80 89 103 114 132 135 145 157 158 160 172 174 177 194 213 218 221 226,0.06901796281445464,232642.0571980948,0.0,1835.959288424827,23.7255246285243,11.0,0.0015104103190481124,-0.00117577109982963,0.0026861814188777425,1.7784448272113382,1.0826776224273664,0.9813627582820796,0.9701981563056509,0.986441973291145,0.6657380750605203,0.0022304871710949964,0.021414284040775795,c3e6e2e77e3f4dc5a9f107290aace6fe,7fe25e4a1ca42aaee0573ddde6a51bb6,above_0.5,selected-submatrix surrogate; not the selected functional of the full-system Ridge update
ieee118,726x235,64,largest_row_col_norms,computed,,121 122 125 129 134 151 152 153 154 171 173 177 178 181 182 185 194 195 197 231 232 233 239 240 243 247 252 269 270 271 272 289 291 295 296 299 300 303 312 313 315 349 350 351 356 399 403 431 432 443 457 474 535 536 542 585 589 617 618 629 643 660 721 722,3 4 5 6 7 8 10 11 16 29 33 34 35 36 48 53 54 55 59 60 62 63 64 65 67 75 76 77 78 79 112 113 114 120 121 122 123 124 125 127 128 133 146 150 151 152 153 165 170 171 172 176 177 179 180 181 184 193 194 196 197 230 231 232,0.06901796281445464,46927647.22200258,2.1200628172132568e-14,26075.540678853093,2616.7893845765907,56.0,0.0013114557427475265,0.0013191495462502134,7.693803502686935e-06,0.005866613147438937,0.26703082275838746,0.07331161444536291,0.005405282129414894,0.13253791775278542,0.009006086292818403,0.7491235707090559,0.6655461917746125,9780c4cd237195dee829d85443dc30e2,7fe25e4a1ca42aaee0573ddde6a51bb6,below_0.05,selected-submatrix surrogate; not the selected functional of the full-system Ridge update
ieee118,726x235,64,column_leverage,computed,,122 129 132 134 140 149 154 166 173 176 182 183 187 192 194 197 202 206 209 211 213 217 222 240 247 250 252 267 272 284 291 294 304 312 315 320 324 327 329 331 335 340 360 361 457 463 466 474 486 529 530 536 537 546 547 548 643 646 649 660 715 716 722 723,5 6 13 18 22 23 25 29 36 37 38 44 52 53 54 55 60 62 75 77 81 82 85 92 94 98 103 105 106 109 111 112 113 115 118 119 122 124 131 139 141 142 143 144 147 149 158 160 162 164 165 167 173 174 181 191 197 205 208 209 222 226 227 233,0.06901796281445464,3241199.723810584,0.0,6852.859510847857,1314.88016192294,44.0,-0.002653998179595267,0.0032707127870127343,0.005924710966608002,2.2323719029496534,1.0247978077325366,0.8156663893941957,0.8598739565838399,0.7307094468243227,0.9732791436140146,0.0470874297182566,0.2569846108907897,86a74bbc74caaf5a144e200fe8c33606,7fe25e4a1ca42aaee0573ddde6a51bb6,above_0.5,selected-submatrix surrogate; not the selected functional of the full-system Ridge update
ieee118,726x235,64,seeded_random,computed,,26 27 34 55 59 74 91 110 119 126 130 148 149 154 161 173 189 191 220 242 262 277 279 286 294 315 316 349 358 360 369 372 379 382 391 410 418 453 495 500 506 515 521 525 529 532 536 549 550 573 590 591 596 610 611 612 616 654 666 682 691 700 704 707,4 6 11 12 13 14 17 27 29 30 34 36 37 43 46 50 51 56 57 63 64 71 72 76 82 90 91 93 96 99 100 102 103 106 108 110 113 116 117 122 126 136 143 146 158 162 163 164 173 174 175 181 187 189 193 200 204 210 214 215 217 229 231 233,0.06901796281445464,2135483.612613196,0.0,5562.461952941913,4064.1227802249914,38.0,-0.0032664572879529713,-0.0004656460913463385,0.0028008111966066327,0.8574461410949138,0.9460883159227113,0.9000207497760537,0.8780993669427049,0.9152596087642128,0.9923482857912767,0.014921186937739497,0.07403523665634074,1e08f730ded4939b0b7546659283ba65,7fe25e4a1ca42aaee0573ddde6a51bb6,above_0.5,selected-submatrix surrogate; not the selected functional of the full-system Ridge update
ieee14,82x27,4,provenance_bridge_row,computed,,17 31 48 68,2 3 16 17,0.06901796281445464,366448.36483477196,,,,,-0.0048382784120727836,-0.004259018143057706,0.0005792602690150774,0.11972445975197912,0.16927481448307677,,,,,,,cdb5eaf8f1cb8a61d25e0a6246bc80a0,211de0724b65a69af46bb4cade1fd321,0.05_to_0.5,selected-submatrix surrogate; not the selected functional of the full-system Ridge update
ieee14,82x27,8,provenance_bridge_row,computed,,15 17 18 29 31 32 48 68,0 2 3 7 13 14 16 17,0.06901796281445464,507204.47563585435,,,,,0.004393109075087854,0.003937581251108952,0.0004555278239789023,0.10369144407592305,0.21818519707197404,,,,,,,c5027daaefc0c0c2eb6117a0e1bd1194,211de0724b65a69af46bb4cade1fd321,0.05_to_0.5,selected-submatrix surrogate; not the selected functional of the full-system Ridge update
ieee30,172x59,16,provenance_bridge_row,computed,,33 35 50 51 63 65 80 81 93 96 99 118 134 137 140 159,0 1 2 4 6 8 19 20 30 31 32 34 36 38 49 50,0.069,1476382.377957815,,,,,0.003471815173364512,0.0004237239861156392,0.003048091187248873,0.8779531844418402,0.27449962925685906,,,,,,,07a4ffdc507fe0711e91c87bfe497135,74dda851c32cc2974a883f6dbe21459f,above_0.5,selected-submatrix surrogate; not the selected functional of the full-system Ridge update
