matrix_id,experiment_family,ieee_case,structural_group_id,matrix_fingerprint,recomputed_matrix_fingerprint,matrix_fingerprint_matches,source_artifact,source_row_locator,configuration_id,matrix_shape,numerical_rank,effective_rank,rank_deficient,sigma_max,sigma_min,smallest_computed_singular_value,singular_threshold,singular_threshold_rule,raw_condition_number,thresholded_condition_number,alpha,regularized_condition_number,max_ridge_filter_response_global,max_ridge_filter_response_actual,effective_dimension,residual_count,ridge_solve_residual_median,ridge_solve_residual_p90,ridge_solve_residual_max,raw_conditioning_label,regularized_conditioning_label,ridge_filter_label
integrated_sparse_chain:quantized_8x8,integrated_sparse_chain,ieee14,,26159050694e76abc32692332daba94e9cd5e22d958a242236b4d57509aeab21,26159050694e76abc32692332daba94e9cd5e22d958a242236b4d57509aeab21,true,outputs/sparse_integrated_chain/matrix_quantized.npy,array,cfg:integrated:ieee14_sparse_quantized_8x8_d31_selected_v1:statevector,8x8,6,3.6051151406534996,true,2578.334539830205,0.0,0.0,4.580042194089282e-12,"max(m,n)*float64_epsilon*sigma_max",infinity,4.841310337117887,1134521.3658711074,6.859571445071127,0.00046942224353833364,0.0004682869386371413,3.1804752226090516,1,1.5479259255747942e-17,1.5479259255747942e-17,1.5479259255747942e-17,raw_matrix_conditioning,regularized_normal_system_conditioning,ridge_filter_amplification
output_aware_generalization:ieee14_eval_seed_14101_block_8x8,output_aware_generalization,ieee14,,2ed03e0837bb9bf7d82969d8f58d421f21d22fc478ac3f6892c160f5a50a04d7,2ed03e0837bb9bf7d82969d8f58d421f21d22fc478ac3f6892c160f5a50a04d7,true,outputs/output_aware_generalization/instances/ieee14_eval_seed_14101_block_8x8.json,$.matrix,cfg:output_aware_generalization:study,8x8,8,4.539781617027103,false,2138.496617061863,112.49523032235757,112.49523032235757,3.798733091752139e-12,"max(m,n)*float64_epsilon*sigma_max",19.00966477364377,19.00966477364377,1126282.8365660307,5.004179815440746,0.000471135979340565,0.00045714499050690874,3.4357713187255103,40,1.110504629553876e-16,1.7357892481495288e-16,2.8630914501759477e-16,raw_matrix_conditioning,regularized_normal_system_conditioning,ridge_filter_amplification
output_aware_generalization:ieee14_eval_seed_14102_block_8x8,output_aware_generalization,ieee14,,41232ca817c60184f91ef5730b2a3eeca8b6946614d9758148672eb3781f2982,41232ca817c60184f91ef5730b2a3eeca8b6946614d9758148672eb3781f2982,true,outputs/output_aware_generalization/instances/ieee14_eval_seed_14102_block_8x8.json,$.matrix,cfg:output_aware_generalization:study,8x8,8,4.5369879563410365,false,2122.351989558647,110.91811372414071,110.91811372414071,3.770054472267231e-12,"max(m,n)*float64_epsilon*sigma_max",19.134403915640416,19.134403915640416,1101015.6465830416,5.034851879653729,0.0004765113603169361,0.0004621990319921162,3.4457893023179653,40,1.2095431718028378e-16,1.657642390095762e-16,3.3209854674904103e-16,raw_matrix_conditioning,regularized_normal_system_conditioning,ridge_filter_amplification
output_aware_generalization:ieee14_eval_seed_14103_block_8x8,output_aware_generalization,ieee14,,07e143c19878cda361ab72919970bb12006565839b4c67f49f3cdbdf17acae15,07e143c19878cda361ab72919970bb12006565839b4c67f49f3cdbdf17acae15,true,outputs/output_aware_generalization/instances/ieee14_eval_seed_14103_block_8x8.json,$.matrix,cfg:output_aware_generalization:study,8x8,8,4.535318466145897,false,2143.3955823837323,112.09541246537023,112.09541246537023,3.807435402307626e-12,"max(m,n)*float64_epsilon*sigma_max",19.121171288306684,19.121171288306684,1123546.1239799114,5.032684484757504,0.0004717094224505928,0.0004575263276183598,3.4394909386469172,40,1.197827373136813e-16,1.7658108836218634e-16,2.113521874005741e-16,raw_matrix_conditioning,regularized_normal_system_conditioning,ridge_filter_amplification
output_aware_generalization:ieee14_eval_seed_14104_block_8x8,output_aware_generalization,ieee14,,44e2ef34b37d899348d886bcb4ba3d0e19037357537fae373798d29e1b1f7db1,44e2ef34b37d899348d886bcb4ba3d0e19037357537fae373798d29e1b1f7db1,true,outputs/output_aware_generalization/instances/ieee14_eval_seed_14104_block_8x8.json,$.matrix,cfg:output_aware_generalization:study,8x8,8,4.542556113624844,false,2129.444306098323,111.34584952339715,111.34584952339715,3.782652957259677e-12,"max(m,n)*float64_epsilon*sigma_max",19.124595260740833,19.124595260740833,1100827.9471208216,5.0621902317049745,0.00047655198297465667,0.00046110764248555596,3.4558593971913503,40,1.2018168645189959e-16,1.7529784904102812e-16,2.651839086868063e-16,raw_matrix_conditioning,regularized_normal_system_conditioning,ridge_filter_amplification
output_aware_generalization:ieee14_eval_seed_14105_block_8x8,output_aware_generalization,ieee14,,fb256260b3f45d521a4cc8f062575e0ec8366af11509d65a243eab7791117e3e,fb256260b3f45d521a4cc8f062575e0ec8366af11509d65a243eab7791117e3e,true,outputs/output_aware_generalization/instances/ieee14_eval_seed_14105_block_8x8.json,$.matrix,cfg:output_aware_generalization:study,8x8,8,4.538482635813378,false,2117.187615494592,109.9582725673204,109.9582725673204,3.7608807010773264e-12,"max(m,n)*float64_epsilon*sigma_max",19.254464135005158,19.254464135005158,1096972.5150604236,5.030782038590846,0.0004773886959451878,0.0004628731528965961,3.4468420236140425,40,1.2092412154852116e-16,1.7477505928145348e-16,2.305108649924304e-16,raw_matrix_conditioning,regularized_normal_system_conditioning,ridge_filter_amplification
output_aware_generalization:ieee30_eval_seed_30101_block_8x8,output_aware_generalization,ieee30,,37dc49f02cbc07ebadf3641ba67b1ffcf14e1cef6c69525a0ed95d0703fe579d,37dc49f02cbc07ebadf3641ba67b1ffcf14e1cef6c69525a0ed95d0703fe579d,true,outputs/output_aware_generalization/instances/ieee30_eval_seed_30101_block_8x8.json,$.matrix,cfg:output_aware_generalization:study,8x8,8,2.921958264194312,false,4678.84734645902,27.42385219197869,27.42385219197869,8.311302484392193e-12,"max(m,n)*float64_epsilon*sigma_max",170.61233096302766,170.61233096302766,2593422.311654061,9.438469132329297,0.00031047982355163163,0.0003101174116495155,2.895617390026661,40,1.247603853985709e-16,1.6815998460570544e-16,2.756310513289297e-16,raw_matrix_conditioning,regularized_normal_system_conditioning,ridge_filter_amplification
output_aware_generalization:ieee30_eval_seed_30102_block_8x8,output_aware_generalization,ieee30,,0a75e5d072eb78ecea9643b9a13078d84bb368d1211ff076060d53576ee323b8,0a75e5d072eb78ecea9643b9a13078d84bb368d1211ff076060d53576ee323b8,true,outputs/output_aware_generalization/instances/ieee30_eval_seed_30102_block_8x8.json,$.matrix,cfg:output_aware_generalization:study,8x8,8,2.9482539740469185,false,4597.143616440314,27.232924997486503,27.232924997486503,8.166167504768953e-12,"max(m,n)*float64_epsilon*sigma_max",168.80829425647863,168.80829425647863,2475161.927543701,9.535464846671244,0.000317810466834076,0.00031700101832666486,2.9245724708559457,40,1.2245368730280765e-16,1.6595954136584052e-16,3.313778687987732e-16,raw_matrix_conditioning,regularized_normal_system_conditioning,ridge_filter_amplification
output_aware_generalization:ieee30_eval_seed_30103_block_8x8,output_aware_generalization,ieee30,,e42a5f59fcdd9eca48edd74c127e01877895ebb9c596858a2670c2fcc44ea39b,e42a5f59fcdd9eca48edd74c127e01877895ebb9c596858a2670c2fcc44ea39b,true,outputs/output_aware_generalization/instances/ieee30_eval_seed_30103_block_8x8.json,$.matrix,cfg:output_aware_generalization:study,8x8,8,2.9521555268731605,false,4634.728587464071,27.507107052040546,27.507107052040546,8.232931825105665e-12,"max(m,n)*float64_epsilon*sigma_max",168.4920402096685,168.4920402096685,2507377.3051907294,9.564116949044589,0.00031576221437087086,0.00031478536596850305,2.9313559456019505,40,1.1875210908064925e-16,1.786764417945156e-16,2.1045743668229283e-16,raw_matrix_conditioning,regularized_normal_system_conditioning,ridge_filter_amplification
output_aware_generalization:ieee30_eval_seed_30104_block_8x8,output_aware_generalization,ieee30,,0d38dfd9feb5283400c40486bfe5db49b377697ab2b9eb2f1b186d187316620e,0d38dfd9feb5283400c40486bfe5db49b377697ab2b9eb2f1b186d187316620e,true,outputs/output_aware_generalization/instances/ieee30_eval_seed_30104_block_8x8.json,$.matrix,cfg:output_aware_generalization:study,8x8,8,2.925729753216354,false,4708.324859790404,27.393924551156545,27.393924551156545,8.36366506680691e-12,"max(m,n)*float64_epsilon*sigma_max",171.874783804631,171.874783804631,2612890.233551687,9.481492078054488,0.0003093210114057035,0.00030895811362809306,2.8941257718194815,40,1.1440416467940183e-16,1.548091804540884e-16,2.0558428876107822e-16,raw_matrix_conditioning,regularized_normal_system_conditioning,ridge_filter_amplification
output_aware_generalization:ieee30_eval_seed_30105_block_8x8,output_aware_generalization,ieee30,,45e39630351bde0b62dbc3ad9fa31761043257f0477a8ec0719fade1794ef9ca,45e39630351bde0b62dbc3ad9fa31761043257f0477a8ec0719fade1794ef9ca,true,outputs/output_aware_generalization/instances/ieee30_eval_seed_30105_block_8x8.json,$.matrix,cfg:output_aware_generalization:study,8x8,8,2.9349339135583743,false,4669.6328566420325,27.290630716058068,27.290630716058068,8.294934262384204e-12,"max(m,n)*float64_epsilon*sigma_max",171.1075462207759,171.1075462207759,2566728.5367426006,9.492678816813456,0.0003120901304875347,0.0003115923799635072,2.9074181577591434,40,1.237825332480879e-16,1.9919858700622242e-16,2.9716469727154097e-16,raw_matrix_conditioning,regularized_normal_system_conditioning,ridge_filter_amplification
output_aware_generalization:ieee57_eval_seed_57101_block_8x8,output_aware_generalization,ieee57,,99e4372a77ed909e09f54abb66761918576bcdb7898674ea8421f554bfd4a9f9,99e4372a77ed909e09f54abb66761918576bcdb7898674ea8421f554bfd4a9f9,true,outputs/output_aware_generalization/instances/ieee57_eval_seed_57101_block_8x8.json,$.matrix,cfg:output_aware_generalization:study,8x8,8,3.2296691717468113,false,6152.930633891458,20.910315097301048,20.910315097301048,1.0929800413868409e-11,"max(m,n)*float64_epsilon*sigma_max",294.2533675489966,294.2533675489966,4251138.845020887,9.904490329176662,0.00024250313621390954,0.00023454424966722734,3.175697490072163,40,9.913660919362714e-17,1.719800088926375e-16,2.0359490604123602e-16,raw_matrix_conditioning,regularized_normal_system_conditioning,ridge_filter_amplification
output_aware_generalization:ieee57_eval_seed_57102_block_8x8,output_aware_generalization,ieee57,,6bd6a64145d74f271eada30fea6f699ef09b06d593a730475a2ec93718aea577,6bd6a64145d74f271eada30fea6f699ef09b06d593a730475a2ec93718aea577,true,outputs/output_aware_generalization/instances/ieee57_eval_seed_57102_block_8x8.json,$.matrix,cfg:output_aware_generalization:study,8x8,8,3.23482955752,false,6138.427992292795,20.619012974046793,20.619012974046793,1.0904038547275255e-11,"max(m,n)*float64_epsilon*sigma_max",297.707169592417,297.707169592417,4252618.689544815,9.859507343510142,0.00024246093890093487,0.00023417528881556376,3.1797241215940204,40,1.1925919831874452e-16,1.8137659874745913e-16,2.82738258041853e-16,raw_matrix_conditioning,regularized_normal_system_conditioning,ridge_filter_amplification
output_aware_generalization:ieee57_eval_seed_57103_block_8x8,output_aware_generalization,ieee57,,d26cf7250ead7ca53f3731831b7a5c3ef455bbc4f4d3bd78647f02d885542729,d26cf7250ead7ca53f3731831b7a5c3ef455bbc4f4d3bd78647f02d885542729,true,outputs/output_aware_generalization/instances/ieee57_eval_seed_57103_block_8x8.json,$.matrix,cfg:output_aware_generalization:study,8x8,8,3.225956513413991,false,6138.795620968729,20.826349011581268,20.826349011581268,1.090469158698811e-11,"max(m,n)*float64_epsilon*sigma_max",294.7610076809441,294.7610076809441,4209949.92052126,9.950343010562989,0.00024368653878853322,0.00023575532440483417,3.1803191612158193,40,8.638459100680969e-17,1.6571647573726196e-16,2.638651422923765e-16,raw_matrix_conditioning,regularized_normal_system_conditioning,ridge_filter_amplification
output_aware_generalization:ieee57_eval_seed_57104_block_8x8,output_aware_generalization,ieee57,,723b5ca179bb068d8d73e8d93290e3b1344f49c663c8ca71fba43476f355723d,723b5ca179bb068d8d73e8d93290e3b1344f49c663c8ca71fba43476f355723d,true,outputs/output_aware_generalization/instances/ieee57_eval_seed_57104_block_8x8.json,$.matrix,cfg:output_aware_generalization:study,8x8,8,3.2496108407854027,false,6089.556646358663,20.790571157116013,20.790571157116013,1.0817225597674463e-11,"max(m,n)*float64_epsilon*sigma_max",292.8999208506296,292.8999208506296,4142094.38214921,9.951606401955127,0.00024567445939534477,0.00023625720500840606,3.1966965888013488,40,1.1570616675763173e-16,1.6476916130029779e-16,2.631339280114461e-16,raw_matrix_conditioning,regularized_normal_system_conditioning,ridge_filter_amplification
output_aware_generalization:ieee57_eval_seed_57105_block_8x8,output_aware_generalization,ieee57,,ca9090daefa0681cb965d288c31eef97269d51361f6b654a8f0448ad3d3d77d7,ca9090daefa0681cb965d288c31eef97269d51361f6b654a8f0448ad3d3d77d7,true,outputs/output_aware_generalization/instances/ieee57_eval_seed_57105_block_8x8.json,$.matrix,cfg:output_aware_generalization:study,8x8,8,3.242290085600852,false,6002.4888614730025,20.488120467451473,20.488120467451473,1.066256214250139e-11,"max(m,n)*float64_epsilon*sigma_max",292.9741100951099,292.9741100951099,4033656.1557094194,9.931277817854413,0.00024895483606635955,0.0002394880531655871,3.196476839418229,40,9.802818392407969e-17,1.9066491334261002e-16,3.1045522671758783e-16,raw_matrix_conditioning,regularized_normal_system_conditioning,ridge_filter_amplification
output_aware_sparse_selection:development_ieee14_seed123_8x8,output_aware_sparse_selection,ieee14,,b158d34b86b778f0c290519ca98985345107012e225798a4cfc7fbf9178df7f9,b158d34b86b778f0c290519ca98985345107012e225798a4cfc7fbf9178df7f9,true,outputs/sparse_error_precision_study/matrix_original.npy,array,cfg:output_aware_sparse_selection:study,8x8,8,3.6164884091848224,false,2710.8811047794657,20.40722466179977,20.40722466179977,4.815492191275911e-12,"max(m,n)*float64_epsilon*sigma_max",132.83928362164585,132.83928362164585,1134521.3658711074,7.474768727830003,0.00046942224353833364,0.00046312830061585907,3.262177246280636,40,1.1502850564797773e-16,1.7159233718207786e-16,1.9923207743189942e-16,raw_matrix_conditioning,regularized_normal_system_conditioning,ridge_filter_amplification
output_aware_structural_generalization:ieee14_structural_group_01_realization_01_seed_14201_8x8,output_aware_structural_generalization,ieee14,ieee14_structural_group_01,954dcecbdfc1e0d5a48e875139bbce2aa0421fcb82ba4f61518558946e2979f1,954dcecbdfc1e0d5a48e875139bbce2aa0421fcb82ba4f61518558946e2979f1,true,outputs/output_aware_structural_generalization/instances/ieee14_structural_group_01_realization_01_seed_14201_8x8.json,$.matrix,cfg:output_aware_structural_generalization:study,8x8,7,3.542513829911644,true,886.2935971818898,0.0,3.783493754226388e-15,1.5743736930707005e-12,"max(m,n)*float64_epsilon*sigma_max",infinity,116.27785752750967,206842.98589197322,4.797645528168219,0.0010993844885608171,0.001089705954108795,2.4508992082047474,40,1.0588891312350134e-16,1.763213061554951e-16,2.9450486923424756e-16,raw_matrix_conditioning,regularized_normal_system_conditioning,ridge_filter_amplification
output_aware_structural_generalization:ieee14_structural_group_01_realization_02_seed_14202_8x8,output_aware_structural_generalization,ieee14,ieee14_structural_group_01,c1399edcdd1ed5a9afa270eac5fa19070427e251318d30ebe43b86c8828b6116,c1399edcdd1ed5a9afa270eac5fa19070427e251318d30ebe43b86c8828b6116,true,outputs/output_aware_structural_generalization/instances/ieee14_structural_group_01_realization_02_seed_14202_8x8.json,$.matrix,cfg:output_aware_structural_generalization:study,8x8,7,3.5215878113582084,true,894.2567820762142,0.0,3.739977010354994e-14,1.5885191510211424e-12,"max(m,n)*float64_epsilon*sigma_max",infinity,117.27633396622544,208117.01451159845,4.842526735096608,0.0010960142752326815,0.001086425294028109,2.446873886447977,40,9.158088406936971e-17,1.7373137711986162e-16,2.443459095687228e-16,raw_matrix_conditioning,regularized_normal_system_conditioning,ridge_filter_amplification
output_aware_structural_generalization:ieee14_structural_group_02_realization_01_seed_14201_8x8,output_aware_structural_generalization,ieee14,ieee14_structural_group_02,7833623190ebace3a6e39b45d275e9a665b311f04e4a34ebaf459c572557395e,7833623190ebace3a6e39b45d275e9a665b311f04e4a34ebaf459c572557395e,true,outputs/output_aware_structural_generalization/instances/ieee14_structural_group_02_realization_01_seed_14201_8x8.json,$.matrix,cfg:output_aware_structural_generalization:study,8x8,7,4.001111775948937,true,412.96922997162244,0.0,0.0,7.335807161219464e-13,"max(m,n)*float64_epsilon*sigma_max",infinity,6.6580345804295415,72402.59606581759,3.3554899156975275,0.0018582020508970368,0.0018561873539689117,2.3249501017541863,40,2.81941787133166e-17,1.3726428796278091e-16,1.8981636026382273e-16,raw_matrix_conditioning,regularized_normal_system_conditioning,ridge_filter_amplification
output_aware_structural_generalization:ieee14_structural_group_02_realization_02_seed_14202_8x8,output_aware_structural_generalization,ieee14,ieee14_structural_group_02,16119aba633d386a3a8942d6962a7df87c7c5a7089570202f34a6603102258d7,16119aba633d386a3a8942d6962a7df87c7c5a7089570202f34a6603102258d7,true,outputs/output_aware_structural_generalization/instances/ieee14_structural_group_02_realization_02_seed_14202_8x8.json,$.matrix,cfg:output_aware_structural_generalization:study,8x8,7,3.9733978600594417,true,423.2527180233656,0.0,0.0,7.518478604555512e-13,"max(m,n)*float64_epsilon*sigma_max",infinity,6.968065880540129,73463.11323680496,3.438541676510603,0.001844740743463203,0.0018407699486073556,2.341121375630603,40,5.2327279307548603e-17,1.5460349580889415e-16,1.8086531399703616e-16,raw_matrix_conditioning,regularized_normal_system_conditioning,ridge_filter_amplification
output_aware_structural_generalization:ieee14_structural_group_03_realization_01_seed_14201_8x8,output_aware_structural_generalization,ieee14,ieee14_structural_group_03,60e48ea7cc6e78abdb58f6da23a56ba17768676ee4af7c8a65befdca806c0ba3,60e48ea7cc6e78abdb58f6da23a56ba17768676ee4af7c8a65befdca806c0ba3,true,outputs/output_aware_structural_generalization/instances/ieee14_structural_group_03_realization_01_seed_14201_8x8.json,$.matrix,cfg:output_aware_structural_generalization:study,8x8,8,4.302997132713596,false,1607.8353739077897,0.4005055643122316,0.4005055643122316,2.8560893630707613e-12,"max(m,n)*float64_epsilon*sigma_max",4014.514446681523,4014.514446681523,1115749.0527047438,3.316949363540266,0.00047335475155582516,0.00047257857666426395,2.548354648757504,40,1.160639406233141e-16,1.7098943540297914e-16,3.836815722100923e-16,raw_matrix_conditioning,regularized_normal_system_conditioning,ridge_filter_amplification
output_aware_structural_generalization:ieee14_structural_group_03_realization_02_seed_14202_8x8,output_aware_structural_generalization,ieee14,ieee14_structural_group_03,1ebb8e8bafd1d1ce55b6d084cab7c7e81f3fc5bfd3e447a7232fb8970e4f6d23,1ebb8e8bafd1d1ce55b6d084cab7c7e81f3fc5bfd3e447a7232fb8970e4f6d23,true,outputs/output_aware_structural_generalization/instances/ieee14_structural_group_03_realization_02_seed_14202_8x8.json,$.matrix,cfg:output_aware_structural_generalization:study,8x8,8,4.331580424688054,false,1599.6374255742344,0.47202687069928384,0.47202687069928384,2.8415268814794004e-12,"max(m,n)*float64_epsilon*sigma_max",3388.869415854341,3388.869415854341,1110467.8144669791,3.304289348808711,0.0004744790227552214,0.000473762203649236,2.564274218635938,40,1.0280062832498282e-16,1.8049250935026925e-16,2.3273821930548463e-16,raw_matrix_conditioning,regularized_normal_system_conditioning,ridge_filter_amplification
output_aware_structural_generalization:ieee14_structural_group_04_realization_01_seed_14201_8x8,output_aware_structural_generalization,ieee14,ieee14_structural_group_04,c2c7a1689e7e4d0c013baaabbbe97bce75577f122c8d1182e4e390ae7b69ee2a,c2c7a1689e7e4d0c013baaabbbe97bce75577f122c8d1182e4e390ae7b69ee2a,true,outputs/output_aware_structural_generalization/instances/ieee14_structural_group_04_realization_01_seed_14201_8x8.json,$.matrix,cfg:output_aware_structural_generalization:study,8x8,7,3.6901139590366885,true,1690.1056137558187,0.0,1.1057810842326695e-14,3.0022306663039066e-12,"max(m,n)*float64_epsilon*sigma_max",infinity,23.811828030637024,782258.8527454449,4.651549580581676,0.0005653205345988681,0.0005653195908914953,2.745163465127461,40,9.477629452846092e-17,1.2515397189311261e-16,2.093002302481436e-16,raw_matrix_conditioning,regularized_normal_system_conditioning,ridge_filter_amplification
output_aware_structural_generalization:ieee14_structural_group_04_realization_02_seed_14202_8x8,output_aware_structural_generalization,ieee14,ieee14_structural_group_04,9035916c66a5d3d30294c295d4302de362674e2a762daa80b6ef718291e7a76e,9035916c66a5d3d30294c295d4302de362674e2a762daa80b6ef718291e7a76e,true,outputs/output_aware_structural_generalization/instances/ieee14_structural_group_04_realization_02_seed_14202_8x8.json,$.matrix,cfg:output_aware_structural_generalization:study,8x8,7,3.6969467980845128,true,1673.4111572786474,0.0,8.981606217027605e-15,2.9725753543606134e-12,"max(m,n)*float64_epsilon*sigma_max",infinity,23.6070682954595,770828.8812687009,4.632848962140161,0.0005694964420603398,0.0005694500615000781,2.7515063839309715,40,7.079942359494494e-17,1.3572070798397342e-16,1.745303920015899e-16,raw_matrix_conditioning,regularized_normal_system_conditioning,ridge_filter_amplification
output_aware_structural_generalization:ieee30_structural_group_01_realization_01_seed_30201_8x8,output_aware_structural_generalization,ieee30,ieee30_structural_group_01,874f5045b2caa8586def81f5c07e02b60c51d4280c8cba7a397f8066e91c0a50,874f5045b2caa8586def81f5c07e02b60c51d4280c8cba7a397f8066e91c0a50,true,outputs/output_aware_structural_generalization/instances/ieee30_structural_group_01_realization_01_seed_30201_8x8.json,$.matrix,cfg:output_aware_structural_generalization:study,8x8,8,2.8089287164277974,false,1890.2361247773265,0.9076214703683344,0.9076214703683344,3.357733868329629e-12,"max(m,n)*float64_epsilon*sigma_max",2082.6260577663766,2082.6260577663766,863009.6471016895,5.140148821137325,0.0005382229088776734,0.000538156774464124,2.0509465213003266,40,1.060323982896926e-16,1.7152038105313345e-16,2.7072638246496375e-16,raw_matrix_conditioning,regularized_normal_system_conditioning,ridge_filter_amplification
output_aware_structural_generalization:ieee30_structural_group_01_realization_02_seed_30202_8x8,output_aware_structural_generalization,ieee30,ieee30_structural_group_01,afa14864f94e1dc2506edf1f57f9c488765dd1feaf0d4945710a4d62f9091f5d,afa14864f94e1dc2506edf1f57f9c488765dd1feaf0d4945710a4d62f9091f5d,true,outputs/output_aware_structural_generalization/instances/ieee30_structural_group_01_realization_02_seed_30202_8x8.json,$.matrix,cfg:output_aware_structural_generalization:study,8x8,8,2.8005053527205765,false,1889.5624884075396,0.6013483669873729,0.6013483669873729,3.3565372497568895e-12,"max(m,n)*float64_epsilon*sigma_max",3142.2093949865443,3142.2093949865443,870432.5992449255,5.101919615302436,0.0005359230426541242,0.0005359008997546459,2.0367858528945506,40,8.805255247116337e-17,1.6630918816494487e-16,1.7753771352705424e-16,raw_matrix_conditioning,regularized_normal_system_conditioning,ridge_filter_amplification
output_aware_structural_generalization:ieee30_structural_group_02_realization_01_seed_30201_8x8,output_aware_structural_generalization,ieee30,ieee30_structural_group_02,b671b8863e0142383abe0068684534071bf2fe93ef85a8e0ef1bda9fe54cc005,b671b8863e0142383abe0068684534071bf2fe93ef85a8e0ef1bda9fe54cc005,true,outputs/output_aware_structural_generalization/instances/ieee30_structural_group_02_realization_01_seed_30201_8x8.json,$.matrix,cfg:output_aware_structural_generalization:study,8x8,7,2.635078573805496,true,2532.2475114892013,0.0,4.726191521206698e-15,4.498175186088107e-12,"max(m,n)*float64_epsilon*sigma_max",infinity,98.94024156941202,2250000.1442597494,3.849900910363227,0.00033333332264742646,0.0003327896201236439,1.6582630709722992,40,1.1920156087651776e-16,1.6738605399957517e-16,2.0961028135139204e-16,raw_matrix_conditioning,regularized_normal_system_conditioning,ridge_filter_amplification
output_aware_structural_generalization:ieee30_structural_group_02_realization_02_seed_30202_8x8,output_aware_structural_generalization,ieee30,ieee30_structural_group_02,3e91a757c2abd874088039c8f10f3c7f8cc99de4144aa914e61a88b14d9d94f9,3e91a757c2abd874088039c8f10f3c7f8cc99de4144aa914e61a88b14d9d94f9,true,outputs/output_aware_structural_generalization/instances/ieee30_structural_group_02_realization_02_seed_30202_8x8.json,$.matrix,cfg:output_aware_structural_generalization:study,8x8,7,2.6447865361138785,true,2527.6369532487147,0.0,6.231243872018963e-15,4.4899851894241655e-12,"max(m,n)*float64_epsilon*sigma_max",infinity,85.79692608975374,2215204.4851609827,3.884134900514229,0.00033594106393601813,0.0003355560685561462,1.6730748806063085,40,1.4973077745727924e-16,2.783117537129351e-16,3.6295072973831046e-16,raw_matrix_conditioning,regularized_normal_system_conditioning,ridge_filter_amplification
output_aware_structural_generalization:ieee30_structural_group_03_realization_01_seed_30201_8x8,output_aware_structural_generalization,ieee30,ieee30_structural_group_03,d00a776822c6b21c9aeb0c4db929405d22751dac3e0163c4d891d03c57ad78db,d00a776822c6b21c9aeb0c4db929405d22751dac3e0163c4d891d03c57ad78db,true,outputs/output_aware_structural_generalization/instances/ieee30_structural_group_03_realization_01_seed_30201_8x8.json,$.matrix,cfg:output_aware_structural_generalization:study,8x8,8,2.6202025144518584,false,1750.9384679962054,20.069631657545422,20.069631657545422,3.110291522994056e-12,"max(m,n)*float64_epsilon*sigma_max",87.24317904150068,87.24317904150068,1337716.9549371991,3.290813464137882,0.0004323026408347089,0.0004095913250733549,1.4553853943209092,40,1.2370907099871855e-16,2.0786215824830936e-16,2.894451777408066e-16,raw_matrix_conditioning,regularized_normal_system_conditioning,ridge_filter_amplification
output_aware_structural_generalization:ieee30_structural_group_03_realization_02_seed_30202_8x8,output_aware_structural_generalization,ieee30,ieee30_structural_group_03,fdff4abc28d1cc73c5413568236cd8a8b11aa82731e1e31283ee3e85684235df,fdff4abc28d1cc73c5413568236cd8a8b11aa82731e1e31283ee3e85684235df,true,outputs/output_aware_structural_generalization/instances/ieee30_structural_group_03_realization_02_seed_30202_8x8.json,$.matrix,cfg:output_aware_structural_generalization:study,8x8,8,2.6433954942550275,false,1738.4518955233414,19.58046641934568,19.58046641934568,3.088110914581217e-12,"max(m,n)*float64_epsilon*sigma_max",88.78500942172323,88.78500942172323,1322950.2051031548,3.283499488649319,0.00043470862329387274,0.00041394911397760073,1.4657825927682548,40,1.1040396125218513e-16,1.934291109193102e-16,2.6218550319829065e-16,raw_matrix_conditioning,regularized_normal_system_conditioning,ridge_filter_amplification
output_aware_structural_generalization:ieee30_structural_group_04_realization_01_seed_30201_8x8,output_aware_structural_generalization,ieee30,ieee30_structural_group_04,d8e89b859b9c4fb6d7428cf57d544916684bef38a6d269d180a96f8d51e47813,d8e89b859b9c4fb6d7428cf57d544916684bef38a6d269d180a96f8d51e47813,true,outputs/output_aware_structural_generalization/instances/ieee30_structural_group_04_realization_01_seed_30201_8x8.json,$.matrix,cfg:output_aware_structural_generalization:study,8x8,7,3.850622235688179,true,1299.8802965998254,0.0,0.0,2.309051255266726e-12,"max(m,n)*float64_epsilon*sigma_max",infinity,15.13619753894597,410007.21345479676,5.121119653605163,0.0007808619403118914,0.0007808488323528252,2.7412305485343516,40,1.0240453364368795e-16,1.5775434757774375e-16,2.073102815047022e-16,raw_matrix_conditioning,regularized_normal_system_conditioning,ridge_filter_amplification
output_aware_structural_generalization:ieee30_structural_group_04_realization_02_seed_30202_8x8,output_aware_structural_generalization,ieee30,ieee30_structural_group_04,d3f24aa1c25f6a51fb9401ec88305a8ece6db70333cf43727fd4b44271cec92b,d3f24aa1c25f6a51fb9401ec88305a8ece6db70333cf43727fd4b44271cec92b,true,outputs/output_aware_structural_generalization/instances/ieee30_structural_group_04_realization_02_seed_30202_8x8.json,$.matrix,cfg:output_aware_structural_generalization:study,8x8,7,3.865191777038662,true,1298.92677394904,0.0,0.0,2.30735745878448e-12,"max(m,n)*float64_epsilon*sigma_max",infinity,15.527937388180922,418208.05269917543,5.0343813400821835,0.000773167889180461,0.0007731639707907744,2.7300988247406064,40,6.833317302786598e-17,1.319658812495691e-16,2.3030491780966934e-16,raw_matrix_conditioning,regularized_normal_system_conditioning,ridge_filter_amplification
output_aware_structural_generalization:ieee57_structural_group_01_realization_01_seed_57201_8x8,output_aware_structural_generalization,ieee57,ieee57_structural_group_01,c022f523930dcbed9a21237f81436847f38350b7ec68a12e907f967f61a2ca73,c022f523930dcbed9a21237f81436847f38350b7ec68a12e907f967f61a2ca73,true,outputs/output_aware_structural_generalization/instances/ieee57_structural_group_01_realization_01_seed_57201_8x8.json,$.matrix,cfg:output_aware_structural_generalization:study,8x8,8,4.006840459289133,false,1029.1421000982446,19.47959981091743,19.47959981091743,1.828123608224254e-12,"max(m,n)*float64_epsilon*sigma_max",52.83178864493187,52.83178864493187,398205.33505576634,3.656283015078421,0.0007923489143142324,0.0007922186706675241,2.454760062207994,40,8.315370903942037e-17,1.2960315012901648e-16,1.6140359489814614e-16,raw_matrix_conditioning,regularized_normal_system_conditioning,ridge_filter_amplification
output_aware_structural_generalization:ieee57_structural_group_01_realization_02_seed_57202_8x8,output_aware_structural_generalization,ieee57,ieee57_structural_group_01,5a82b613926e5d1ddf28836401c3752d576d03322f26bbe61f6987dd614e85d7,5a82b613926e5d1ddf28836401c3752d576d03322f26bbe61f6987dd614e85d7,true,outputs/output_aware_structural_generalization/instances/ieee57_structural_group_01_realization_02_seed_57202_8x8.json,$.matrix,cfg:output_aware_structural_generalization:study,8x8,8,4.027008471074972,false,1022.6147165278029,19.43045312150866,19.43045312150866,1.816528645775511e-12,"max(m,n)*float64_epsilon*sigma_max",52.629483735292474,52.629483735292474,387192.3932188844,3.6972249898300107,0.0008035383262065441,0.0008031589383684033,2.483186157686551,40,1.045886922957403e-16,1.409918083024873e-16,1.9803342999698188e-16,raw_matrix_conditioning,regularized_normal_system_conditioning,ridge_filter_amplification
output_aware_structural_generalization:ieee57_structural_group_02_realization_01_seed_57201_8x8,output_aware_structural_generalization,ieee57,ieee57_structural_group_02,ac8544c7da5a6b6f8574c954239df6d3526047c2f9f37f3644a2accb7a8f4e7b,ac8544c7da5a6b6f8574c954239df6d3526047c2f9f37f3644a2accb7a8f4e7b,true,outputs/output_aware_structural_generalization/instances/ieee57_structural_group_02_realization_01_seed_57201_8x8.json,$.matrix,cfg:output_aware_structural_generalization:study,8x8,7,3.241106558636096,true,4141.372691983371,0.0,0.0,7.356555705910087e-12,"max(m,n)*float64_epsilon*sigma_max",infinity,274.0364031287552,4114141.874822368,5.1687837453700105,0.0002465076334077842,0.000244673946585085,2.399803149101031,40,1.0805197560109889e-16,1.6925337896111586e-16,2.32407386759821e-16,raw_matrix_conditioning,regularized_normal_system_conditioning,ridge_filter_amplification
output_aware_structural_generalization:ieee57_structural_group_02_realization_02_seed_57202_8x8,output_aware_structural_generalization,ieee57,ieee57_structural_group_02,01ea0340762b376038d65fc2897f8b2a93d5804ec6dd4ffacb0f2a26e3626612,01ea0340762b376038d65fc2897f8b2a93d5804ec6dd4ffacb0f2a26e3626612,true,outputs/output_aware_structural_generalization/instances/ieee57_structural_group_02_realization_02_seed_57202_8x8.json,$.matrix,cfg:output_aware_structural_generalization:study,8x8,7,3.236776947180181,true,4113.51914770751,0.0,0.0,7.307077872034124e-12,"max(m,n)*float64_epsilon*sigma_max",infinity,163.28675011274834,4099220.5831535915,5.12786758733991,0.0002469558736400646,0.0002456724000263851,2.3887890513612877,40,1.1154547134388797e-16,1.7265045006677535e-16,2.0513753201630579e-16,raw_matrix_conditioning,regularized_normal_system_conditioning,ridge_filter_amplification
output_aware_structural_generalization:ieee57_structural_group_03_realization_01_seed_57201_8x8,output_aware_structural_generalization,ieee57,ieee57_structural_group_03,24f1fce079f96dd5ceff40a3b684a1885c36fc0e1c7f5d4e0ffcb6f414365c95,24f1fce079f96dd5ceff40a3b684a1885c36fc0e1c7f5d4e0ffcb6f414365c95,true,outputs/output_aware_structural_generalization/instances/ieee57_structural_group_03_realization_01_seed_57201_8x8.json,$.matrix,cfg:output_aware_structural_generalization:study,8x8,7,4.556901319090549,true,4116.184506398516,0.0,6.557722600243778e-30,7.311812500174347e-12,"max(m,n)*float64_epsilon*sigma_max",infinity,4.221122324150479,3472671.8034755834,5.87894504564411,0.0002683107875021948,0.00026800359331821834,3.696114288359685,40,8.424345193065496e-17,1.336239152167727e-16,1.7400939153818938e-16,raw_matrix_conditioning,regularized_normal_system_conditioning,ridge_filter_amplification
output_aware_structural_generalization:ieee57_structural_group_03_realization_02_seed_57202_8x8,output_aware_structural_generalization,ieee57,ieee57_structural_group_03,ca97e77c290d39179e5ed2743cd4e5f4de49bcc20cae917cbce020aef56ab158,ca97e77c290d39179e5ed2743cd4e5f4de49bcc20cae917cbce020aef56ab158,true,outputs/output_aware_structural_generalization/instances/ieee57_structural_group_03_realization_02_seed_57202_8x8.json,$.matrix,cfg:output_aware_structural_generalization:study,8x8,7,4.594665049567103,true,4111.693534215996,0.0,6.3803718827789535e-31,7.303834931022372e-12,"max(m,n)*float64_epsilon*sigma_max",infinity,4.2174721080999955,3433673.2607222567,5.923597103050372,0.00026983017877093066,0.0002697467557502434,3.727311052837802,40,8.804233917087457e-17,1.531152082820335e-16,2.2178662684009435e-16,raw_matrix_conditioning,regularized_normal_system_conditioning,ridge_filter_amplification
output_aware_structural_generalization:ieee57_structural_group_04_realization_01_seed_57201_8x8,output_aware_structural_generalization,ieee57,ieee57_structural_group_04,02337da17aa0e3ec2e8adcc5cd6f46b21d50b1a1ff6a03bb5299bfc470638c52,02337da17aa0e3ec2e8adcc5cd6f46b21d50b1a1ff6a03bb5299bfc470638c52,true,outputs/output_aware_structural_generalization/instances/ieee57_structural_group_04_realization_01_seed_57201_8x8.json,$.matrix,cfg:output_aware_structural_generalization:study,8x8,8,2.1098802741582166,false,1570.057926806782,5.705491836719489,5.705491836719489,2.788983136537805e-12,"max(m,n)*float64_epsilon*sigma_max",275.18362513502865,275.18362513502865,685491.6499716499,4.595860410924976,0.0006039054095194258,0.0005043881856495881,1.6151337510572918,40,7.79453217291543e-17,1.2279134839689915e-16,1.8777662947180078e-16,raw_matrix_conditioning,regularized_normal_system_conditioning,ridge_filter_amplification
output_aware_structural_generalization:ieee57_structural_group_04_realization_02_seed_57202_8x8,output_aware_structural_generalization,ieee57,ieee57_structural_group_04,9b805022e23e3e796f6c9fb3d9297f2f4f308745bc9c94ef85789132ee7cd493,9b805022e23e3e796f6c9fb3d9297f2f4f308745bc9c94ef85789132ee7cd493,true,outputs/output_aware_structural_generalization/instances/ieee57_structural_group_04_realization_02_seed_57202_8x8.json,$.matrix,cfg:output_aware_structural_generalization:study,8x8,8,2.1138407804271737,false,1532.1995899502028,1.0611487477052308,1.0611487477052308,2.721733220934302e-12,"max(m,n)*float64_epsilon*sigma_max",1443.906514768674,1443.906514768674,667533.3393093913,4.516873778479542,0.0006119747785443327,0.0005092533504706951,1.615345066909938,40,9.47399315646159e-17,1.2866831030863807e-16,1.8467254131666204e-16,raw_matrix_conditioning,regularized_normal_system_conditioning,ridge_filter_amplification
precision_sensitivity:value_bits_10,precision_sensitivity,ieee14,,a4b8e89a41a0aff781eef0cf7fea4fd89445dcaa3b636f637443fecf9b79293f,a4b8e89a41a0aff781eef0cf7fea4fd89445dcaa3b636f637443fecf9b79293f,true,outputs/sparse_error_precision_study/matrices/matrix_value_bits_10.npy,array,cfg:precision:ieee14_sparse_quantized_8x8_d31_selected_v1__bv10_bp10,8x8,6,3.6001830079181887,true,2582.915511527587,0.0,0.0,4.588179634495026e-12,"max(m,n)*float64_epsilon*sigma_max",infinity,4.893143957865204,1134521.3658711074,6.8804115465620574,0.00046942224353833364,0.0004685312740558569,3.18090091766301,1,9.262552445832997e-17,9.262552445832997e-17,9.262552445832997e-17,raw_matrix_conditioning,regularized_normal_system_conditioning,ridge_filter_amplification
precision_sensitivity:value_bits_12,precision_sensitivity,ieee14,,827d94ceb49c0738530b73e8b993dc21e62d839189d9def6bf0639650df7580a,827d94ceb49c0738530b73e8b993dc21e62d839189d9def6bf0639650df7580a,true,outputs/sparse_error_precision_study/matrices/matrix_value_bits_12.npy,array,cfg:precision:ieee14_sparse_quantized_8x8_d31_selected_v1__bv12_bp10,8x8,6,3.59996108843828,true,2583.293861496207,0.0,0.0,4.58885171904947e-12,"max(m,n)*float64_epsilon*sigma_max",infinity,4.894268594272384,1134521.3658711074,6.882134418614506,0.00046942224353833364,0.00046852125350180143,3.181050548568163,1,3.0871804219517887e-17,3.0871804219517887e-17,3.0871804219517887e-17,raw_matrix_conditioning,regularized_normal_system_conditioning,ridge_filter_amplification
precision_sensitivity:value_bits_4,precision_sensitivity,ieee14,,7e32c2320079a4a657e99c0305fe5c45d09a083d2ad724441a7d329e924a2920,7e32c2320079a4a657e99c0305fe5c45d09a083d2ad724441a7d329e924a2920,true,outputs/sparse_error_precision_study/matrices/matrix_value_bits_4.npy,array,cfg:precision:ieee14_sparse_quantized_8x8_d31_selected_v1__bv4_bp10,8x8,6,3.6552448465855103,true,2539.455561581647,0.0,0.0,4.510979255168563e-12,"max(m,n)*float64_epsilon*sigma_max",infinity,4.756296508021078,1134521.3658711074,6.6841896003398915,0.00046942224353833364,0.00046808837239495056,3.2028956827755968,1,6.248711350235708e-17,6.248711350235708e-17,6.248711350235708e-17,raw_matrix_conditioning,regularized_normal_system_conditioning,ridge_filter_amplification
precision_sensitivity:value_bits_6,precision_sensitivity,ieee14,,26159050694e76abc32692332daba94e9cd5e22d958a242236b4d57509aeab21,26159050694e76abc32692332daba94e9cd5e22d958a242236b4d57509aeab21,true,outputs/sparse_error_precision_study/matrices/matrix_value_bits_6.npy,array,cfg:precision:ieee14_sparse_quantized_8x8_d31_selected_v1__bv6_bp10,8x8,6,3.6051151406534996,true,2578.334539830205,0.0,0.0,4.580042194089282e-12,"max(m,n)*float64_epsilon*sigma_max",infinity,4.841310337117887,1134521.3658711074,6.859571445071127,0.00046942224353833364,0.0004682869386371413,3.1804752226090516,1,1.5479259255747942e-17,1.5479259255747942e-17,1.5479259255747942e-17,raw_matrix_conditioning,regularized_normal_system_conditioning,ridge_filter_amplification
precision_sensitivity:value_bits_8,precision_sensitivity,ieee14,,a3c9d7f9ad57e5e1b8e76682aa016a432f204fe6f6837204e8707954e7ee5014,a3c9d7f9ad57e5e1b8e76682aa016a432f204fe6f6837204e8707954e7ee5014,true,outputs/sparse_error_precision_study/matrices/matrix_value_bits_8.npy,array,cfg:precision:ieee14_sparse_quantized_8x8_d31_selected_v1__bv8_bp10,8x8,6,3.6005543469082797,true,2585.138083499652,0.0,0.0,4.592127715418663e-12,"max(m,n)*float64_epsilon*sigma_max",infinity,4.907676627893837,1134521.3658711074,6.8905359667942125,0.00046942224353833364,0.00046854738745895824,3.181300709448617,1,1.543763876970458e-17,1.543763876970458e-17,1.543763876970458e-17,raw_matrix_conditioning,regularized_normal_system_conditioning,ridge_filter_amplification
precision_sensitivity:value_bits_exact,precision_sensitivity,ieee14,,c6e29a98365f6e79e50bac5551c646e1178a4c898cb7ef47a73294a0d80ea88c,c6e29a98365f6e79e50bac5551c646e1178a4c898cb7ef47a73294a0d80ea88c,true,outputs/sparse_error_precision_study/matrices/matrix_value_bits_exact.npy,array,cfg:precision:ieee14_sparse_quantized_8x8_d31_selected_v1__bvexact_bp10,8x8,6,3.5999041810165795,true,2583.4612699906643,0.0,0.0,4.5891490962735735e-12,"max(m,n)*float64_epsilon*sigma_max",infinity,4.894736392766221,1134521.3658711074,6.882896818269386,0.00046942224353833364,0.0004685242916964852,3.1809934250679412,1,1.5435799159957173e-17,1.5435799159957173e-17,1.5435799159957173e-17,raw_matrix_conditioning,regularized_normal_system_conditioning,ridge_filter_amplification
precision_sensitivity:value_bits_original,precision_sensitivity,ieee14,,b158d34b86b778f0c290519ca98985345107012e225798a4cfc7fbf9178df7f9,b158d34b86b778f0c290519ca98985345107012e225798a4cfc7fbf9178df7f9,true,outputs/sparse_error_precision_study/matrix_original.npy,array,cfg:precision:ieee14_sparse_quantized_8x8_d31_selected_v1__bv10_bp10,8x8,8,3.6164884091848224,false,2710.8811047794657,20.40722466179977,20.40722466179977,4.815492191275911e-12,"max(m,n)*float64_epsilon*sigma_max",132.83928362164585,132.83928362164585,1134521.3658711074,7.474768727830003,0.00046942224353833364,0.00046312830061585907,3.262177246280636,1,1.3961511931738427e-16,1.3961511931738427e-16,1.3961511931738427e-16,raw_matrix_conditioning,regularized_normal_system_conditioning,ridge_filter_amplification
precision_sensitivity:value_bits_sparse_exact,precision_sensitivity,ieee14,,c6e29a98365f6e79e50bac5551c646e1178a4c898cb7ef47a73294a0d80ea88c,c6e29a98365f6e79e50bac5551c646e1178a4c898cb7ef47a73294a0d80ea88c,true,outputs/sparse_error_precision_study/matrix_sparse_exact.npy,array,cfg:precision:ieee14_sparse_quantized_8x8_d31_selected_v1__bvexact_bp10,8x8,6,3.5999041810165795,true,2583.4612699906643,0.0,0.0,4.5891490962735735e-12,"max(m,n)*float64_epsilon*sigma_max",infinity,4.894736392766221,1134521.3658711074,6.882896818269386,0.00046942224353833364,0.0004685242916964852,3.1809934250679412,1,1.5435799159957173e-17,1.5435799159957173e-17,1.5435799159957173e-17,raw_matrix_conditioning,regularized_normal_system_conditioning,ridge_filter_amplification
