instance_id,ieee_case,support_id,selector,k_budget,slot_budget,actual_nonzeros,slot_count,median_normalized_error,median_absolute_error,random_replicate,accuracy_objective,nondominated
ieee14_eval_seed_14101_block_8x8,ieee14,ieee14_eval_seed_14101_block_8x8__random_objective_feasible_k8_s3_r15_50bddbff5a1e,random_objective_feasible,8,3,8,1,0.3127140272730715,0.0004960121310145,15.0,median_heldout_normalized_error_absolute_not_signed,True
ieee14_eval_seed_14101_block_8x8,ieee14,ieee14_eval_seed_14101_block_8x8__sensitivity_initial_mean_k8_s2_239e7a9180fc,sensitivity_initial_mean,8,2,8,1,0.3127140272730715,0.0004960121310145,,median_heldout_normalized_error_absolute_not_signed,True
ieee14_eval_seed_14101_block_8x8,ieee14,ieee14_eval_seed_14101_block_8x8__sensitivity_initial_mean_k8_s3_239e7a9180fc,sensitivity_initial_mean,8,3,8,1,0.3127140272730715,0.0004960121310145,,median_heldout_normalized_error_absolute_not_signed,True
ieee14_eval_seed_14101_block_8x8,ieee14,ieee14_eval_seed_14101_block_8x8__sensitivity_initial_mean_k8_s4_239e7a9180fc,sensitivity_initial_mean,8,4,8,1,0.3127140272730715,0.0004960121310145,,median_heldout_normalized_error_absolute_not_signed,True
ieee14_eval_seed_14101_block_8x8,ieee14,ieee14_eval_seed_14101_block_8x8__sensitivity_initial_mean_k8_s6_239e7a9180fc,sensitivity_initial_mean,8,6,8,1,0.3127140272730715,0.0004960121310145,,median_heldout_normalized_error_absolute_not_signed,True
ieee14_eval_seed_14101_block_8x8,ieee14,ieee14_eval_seed_14101_block_8x8__sensitivity_initial_mean_k8_s8_239e7a9180fc,sensitivity_initial_mean,8,8,8,1,0.3127140272730715,0.0004960121310145,,median_heldout_normalized_error_absolute_not_signed,True
ieee14_eval_seed_14101_block_8x8,ieee14,ieee14_eval_seed_14101_block_8x8__sensitivity_refined_mean_k8_s2_239e7a9180fc,sensitivity_refined_mean,8,2,8,1,0.3127140272730715,0.0004960121310145,,median_heldout_normalized_error_absolute_not_signed,True
ieee14_eval_seed_14101_block_8x8,ieee14,ieee14_eval_seed_14101_block_8x8__sensitivity_refined_mean_k8_s3_239e7a9180fc,sensitivity_refined_mean,8,3,8,1,0.3127140272730715,0.0004960121310145,,median_heldout_normalized_error_absolute_not_signed,True
ieee14_eval_seed_14101_block_8x8,ieee14,ieee14_eval_seed_14101_block_8x8__sensitivity_refined_mean_k8_s4_239e7a9180fc,sensitivity_refined_mean,8,4,8,1,0.3127140272730715,0.0004960121310145,,median_heldout_normalized_error_absolute_not_signed,True
ieee14_eval_seed_14101_block_8x8,ieee14,ieee14_eval_seed_14101_block_8x8__sensitivity_refined_mean_k8_s6_239e7a9180fc,sensitivity_refined_mean,8,6,8,1,0.3127140272730715,0.0004960121310145,,median_heldout_normalized_error_absolute_not_signed,True
ieee14_eval_seed_14101_block_8x8,ieee14,ieee14_eval_seed_14101_block_8x8__sensitivity_refined_mean_k8_s8_239e7a9180fc,sensitivity_refined_mean,8,8,8,1,0.3127140272730715,0.0004960121310145,,median_heldout_normalized_error_absolute_not_signed,True
ieee14_eval_seed_14101_block_8x8,ieee14,ieee14_eval_seed_14101_block_8x8__sensitivity_refined_mean_k12_s3_0c407c6edf44,sensitivity_refined_mean,12,3,12,3,0.1183901718326698,0.0002234792158541,,median_heldout_normalized_error_absolute_not_signed,True
ieee14_eval_seed_14101_block_8x8,ieee14,ieee14_eval_seed_14101_block_8x8__sensitivity_refined_mean_k12_s4_0c407c6edf44,sensitivity_refined_mean,12,4,12,3,0.1183901718326698,0.0002234792158541,,median_heldout_normalized_error_absolute_not_signed,True
ieee14_eval_seed_14101_block_8x8,ieee14,ieee14_eval_seed_14101_block_8x8__sensitivity_refined_mean_k12_s6_0c407c6edf44,sensitivity_refined_mean,12,6,12,3,0.1183901718326698,0.0002234792158541,,median_heldout_normalized_error_absolute_not_signed,True
ieee14_eval_seed_14101_block_8x8,ieee14,ieee14_eval_seed_14101_block_8x8__sensitivity_refined_mean_k12_s8_0c407c6edf44,sensitivity_refined_mean,12,8,12,3,0.1183901718326698,0.0002234792158541,,median_heldout_normalized_error_absolute_not_signed,True
ieee14_eval_seed_14101_block_8x8,ieee14,ieee14_eval_seed_14101_block_8x8__sensitivity_initial_worst_case_k24_s6_7e9350c95640,sensitivity_initial_worst_case,24,6,24,6,0.06306133167138,0.0001024571355763,,median_heldout_normalized_error_absolute_not_signed,True
ieee14_eval_seed_14101_block_8x8,ieee14,ieee14_eval_seed_14101_block_8x8__sensitivity_initial_worst_case_k24_s8_7e9350c95640,sensitivity_initial_worst_case,24,8,24,6,0.06306133167138,0.0001024571355763,,median_heldout_normalized_error_absolute_not_signed,True
ieee14_eval_seed_14101_block_8x8,ieee14,ieee14_eval_seed_14101_block_8x8__sensitivity_refined_worst_case_k24_s6_7e9350c95640,sensitivity_refined_worst_case,24,6,24,6,0.06306133167138,0.0001024571355763,,median_heldout_normalized_error_absolute_not_signed,True
ieee14_eval_seed_14101_block_8x8,ieee14,ieee14_eval_seed_14101_block_8x8__balanced_magnitude_k32_s4_c366faf643b7,balanced_magnitude,32,4,30,4,0.0600502755411206,9.092076474920112e-05,,median_heldout_normalized_error_absolute_not_signed,True
ieee14_eval_seed_14101_block_8x8,ieee14,ieee14_eval_seed_14101_block_8x8__sensitivity_refined_mean_k32_s8_ca3c72ed081c,sensitivity_refined_mean,32,8,32,8,0.0376997861658474,6.783243527668328e-05,,median_heldout_normalized_error_absolute_not_signed,True
ieee14_eval_seed_14102_block_8x8,ieee14,ieee14_eval_seed_14102_block_8x8__random_objective_feasible_k8_s2_r12_0fca8f016648,random_objective_feasible,8,2,8,1,0.4143934074997687,0.0007040214786267,12.0,median_heldout_normalized_error_absolute_not_signed,True
ieee14_eval_seed_14102_block_8x8,ieee14,ieee14_eval_seed_14102_block_8x8__random_objective_feasible_k8_s4_r18_33dbb3631e08,random_objective_feasible,8,4,8,1,0.4143934074997687,0.0005931258958088,18.0,median_heldout_normalized_error_absolute_not_signed,True
ieee14_eval_seed_14102_block_8x8,ieee14,ieee14_eval_seed_14102_block_8x8__sensitivity_refined_mean_k12_s3_ed489573a881,sensitivity_refined_mean,12,3,12,3,0.1230864675148742,0.0001602253267585,,median_heldout_normalized_error_absolute_not_signed,True
ieee14_eval_seed_14102_block_8x8,ieee14,ieee14_eval_seed_14102_block_8x8__sensitivity_refined_mean_k12_s4_ed489573a881,sensitivity_refined_mean,12,4,12,3,0.1230864675148742,0.0001602253267585,,median_heldout_normalized_error_absolute_not_signed,True
ieee14_eval_seed_14102_block_8x8,ieee14,ieee14_eval_seed_14102_block_8x8__sensitivity_refined_mean_k12_s6_ed489573a881,sensitivity_refined_mean,12,6,12,3,0.1230864675148742,0.0001602253267585,,median_heldout_normalized_error_absolute_not_signed,True
ieee14_eval_seed_14102_block_8x8,ieee14,ieee14_eval_seed_14102_block_8x8__sensitivity_refined_mean_k12_s8_ed489573a881,sensitivity_refined_mean,12,8,12,3,0.1230864675148742,0.0001602253267585,,median_heldout_normalized_error_absolute_not_signed,True
ieee14_eval_seed_14102_block_8x8,ieee14,ieee14_eval_seed_14102_block_8x8__sensitivity_refined_worst_case_k24_s3_052537beac97,sensitivity_refined_worst_case,24,3,23,3,0.0515671588485041,0.0001018962968357,,median_heldout_normalized_error_absolute_not_signed,True
ieee14_eval_seed_14102_block_8x8,ieee14,ieee14_eval_seed_14102_block_8x8__sensitivity_refined_worst_case_k32_s3_052537beac97,sensitivity_refined_worst_case,32,3,23,3,0.0515671588485041,0.0001018962968357,,median_heldout_normalized_error_absolute_not_signed,True
ieee14_eval_seed_14102_block_8x8,ieee14,ieee14_eval_seed_14102_block_8x8__sensitivity_refined_worst_case_k32_s8_3c537793d6bf,sensitivity_refined_worst_case,32,8,32,7,0.0363789281461895,5.265963670448301e-05,,median_heldout_normalized_error_absolute_not_signed,True
ieee14_eval_seed_14103_block_8x8,ieee14,ieee14_eval_seed_14103_block_8x8__random_objective_feasible_k8_s3_r24_accbb881bafe,random_objective_feasible,8,3,8,1,0.3639668275254654,0.00039117846496,24.0,median_heldout_normalized_error_absolute_not_signed,True
ieee14_eval_seed_14103_block_8x8,ieee14,ieee14_eval_seed_14103_block_8x8__sensitivity_refined_worst_case_k12_s2_5ae01f77845b,sensitivity_refined_worst_case,12,2,12,2,0.1845352766983179,0.0002267609123335,,median_heldout_normalized_error_absolute_not_signed,True
ieee14_eval_seed_14103_block_8x8,ieee14,ieee14_eval_seed_14103_block_8x8__sensitivity_refined_mean_k16_s6_4f3f28b4371c,sensitivity_refined_mean,16,6,16,5,0.0835343438158352,0.000101817513547,,median_heldout_normalized_error_absolute_not_signed,True
ieee14_eval_seed_14103_block_8x8,ieee14,ieee14_eval_seed_14103_block_8x8__sensitivity_refined_mean_k16_s8_4f3f28b4371c,sensitivity_refined_mean,16,8,16,5,0.0835343438158352,0.000101817513547,,median_heldout_normalized_error_absolute_not_signed,True
ieee14_eval_seed_14103_block_8x8,ieee14,ieee14_eval_seed_14103_block_8x8__sensitivity_refined_mean_k24_s4_04592114d755,sensitivity_refined_mean,24,4,24,4,0.0654239975683189,8.89107557396037e-05,,median_heldout_normalized_error_absolute_not_signed,True
ieee14_eval_seed_14103_block_8x8,ieee14,ieee14_eval_seed_14103_block_8x8__sensitivity_initial_worst_case_k32_s4_585dd05e8fa5,sensitivity_initial_worst_case,32,4,31,4,0.064939556969425,8.268169492700142e-05,,median_heldout_normalized_error_absolute_not_signed,True
ieee14_eval_seed_14103_block_8x8,ieee14,ieee14_eval_seed_14103_block_8x8__sensitivity_refined_mean_k32_s8_6767d499305e,sensitivity_refined_mean,32,8,32,7,0.02761462531473,3.479886303052427e-05,,median_heldout_normalized_error_absolute_not_signed,True
ieee14_eval_seed_14104_block_8x8,ieee14,ieee14_eval_seed_14104_block_8x8__random_objective_feasible_k8_s8_r24_aff6c81e9484,random_objective_feasible,8,8,8,1,0.5622152565471938,0.0008471629973789,24.0,median_heldout_normalized_error_absolute_not_signed,True
ieee14_eval_seed_14104_block_8x8,ieee14,ieee14_eval_seed_14104_block_8x8__sensitivity_refined_mean_k12_s3_f5735e1ddbe0,sensitivity_refined_mean,12,3,12,3,0.1358002030098998,0.0001583351285257,,median_heldout_normalized_error_absolute_not_signed,True
ieee14_eval_seed_14104_block_8x8,ieee14,ieee14_eval_seed_14104_block_8x8__sensitivity_refined_mean_k12_s4_f5735e1ddbe0,sensitivity_refined_mean,12,4,12,3,0.1358002030098998,0.0001583351285257,,median_heldout_normalized_error_absolute_not_signed,True
ieee14_eval_seed_14104_block_8x8,ieee14,ieee14_eval_seed_14104_block_8x8__sensitivity_refined_mean_k12_s6_f5735e1ddbe0,sensitivity_refined_mean,12,6,12,3,0.1358002030098998,0.0001583351285257,,median_heldout_normalized_error_absolute_not_signed,True
ieee14_eval_seed_14104_block_8x8,ieee14,ieee14_eval_seed_14104_block_8x8__sensitivity_refined_mean_k12_s8_f5735e1ddbe0,sensitivity_refined_mean,12,8,12,3,0.1358002030098998,0.0001583351285257,,median_heldout_normalized_error_absolute_not_signed,True
ieee14_eval_seed_14104_block_8x8,ieee14,ieee14_eval_seed_14104_block_8x8__sensitivity_refined_worst_case_k16_s6_d39b9ea388d6,sensitivity_refined_worst_case,16,6,16,4,0.1168545517258711,0.0001575374478105,,median_heldout_normalized_error_absolute_not_signed,True
ieee14_eval_seed_14104_block_8x8,ieee14,ieee14_eval_seed_14104_block_8x8__sensitivity_refined_worst_case_k16_s8_d39b9ea388d6,sensitivity_refined_worst_case,16,8,16,4,0.1168545517258711,0.0001575374478105,,median_heldout_normalized_error_absolute_not_signed,True
ieee14_eval_seed_14104_block_8x8,ieee14,ieee14_eval_seed_14104_block_8x8__sensitivity_refined_mean_k24_s3_27f5ecf8e526,sensitivity_refined_mean,24,3,23,3,0.0739597473423989,0.0001247653118501,,median_heldout_normalized_error_absolute_not_signed,True
ieee14_eval_seed_14104_block_8x8,ieee14,ieee14_eval_seed_14104_block_8x8__sensitivity_refined_mean_k32_s3_27f5ecf8e526,sensitivity_refined_mean,32,3,23,3,0.0739597473423989,0.0001247653118501,,median_heldout_normalized_error_absolute_not_signed,True
ieee14_eval_seed_14104_block_8x8,ieee14,ieee14_eval_seed_14104_block_8x8__sensitivity_refined_mean_k24_s4_8e52bd94feb8,sensitivity_refined_mean,24,4,24,4,0.0565695237508088,6.876976956346655e-05,,median_heldout_normalized_error_absolute_not_signed,True
ieee14_eval_seed_14104_block_8x8,ieee14,ieee14_eval_seed_14104_block_8x8__sensitivity_refined_mean_k32_s4_3fde42f16044,sensitivity_refined_mean,32,4,31,4,0.0425738727570741,6.335518746022309e-05,,median_heldout_normalized_error_absolute_not_signed,True
ieee14_eval_seed_14104_block_8x8,ieee14,ieee14_eval_seed_14104_block_8x8__sensitivity_initial_mean_k32_s6_f0a46ef49587,sensitivity_initial_mean,32,6,32,6,0.0312206170853756,5.921483716803632e-05,,median_heldout_normalized_error_absolute_not_signed,True
ieee14_eval_seed_14104_block_8x8,ieee14,ieee14_eval_seed_14104_block_8x8__sensitivity_initial_mean_k32_s8_f0a46ef49587,sensitivity_initial_mean,32,8,32,6,0.0312206170853756,5.921483716803632e-05,,median_heldout_normalized_error_absolute_not_signed,True
ieee14_eval_seed_14105_block_8x8,ieee14,ieee14_eval_seed_14105_block_8x8__sensitivity_initial_mean_k8_s2_239e7a9180fc,sensitivity_initial_mean,8,2,8,1,0.2931663419024951,0.0003703023624503,,median_heldout_normalized_error_absolute_not_signed,True
ieee14_eval_seed_14105_block_8x8,ieee14,ieee14_eval_seed_14105_block_8x8__sensitivity_initial_mean_k8_s3_239e7a9180fc,sensitivity_initial_mean,8,3,8,1,0.2931663419024951,0.0003703023624503,,median_heldout_normalized_error_absolute_not_signed,True
ieee14_eval_seed_14105_block_8x8,ieee14,ieee14_eval_seed_14105_block_8x8__sensitivity_initial_mean_k8_s4_239e7a9180fc,sensitivity_initial_mean,8,4,8,1,0.2931663419024951,0.0003703023624503,,median_heldout_normalized_error_absolute_not_signed,True
ieee14_eval_seed_14105_block_8x8,ieee14,ieee14_eval_seed_14105_block_8x8__sensitivity_initial_mean_k8_s6_239e7a9180fc,sensitivity_initial_mean,8,6,8,1,0.2931663419024951,0.0003703023624503,,median_heldout_normalized_error_absolute_not_signed,True
ieee14_eval_seed_14105_block_8x8,ieee14,ieee14_eval_seed_14105_block_8x8__sensitivity_initial_mean_k8_s8_239e7a9180fc,sensitivity_initial_mean,8,8,8,1,0.2931663419024951,0.0003703023624503,,median_heldout_normalized_error_absolute_not_signed,True
ieee14_eval_seed_14105_block_8x8,ieee14,ieee14_eval_seed_14105_block_8x8__sensitivity_refined_mean_k8_s2_239e7a9180fc,sensitivity_refined_mean,8,2,8,1,0.2931663419024951,0.0003703023624503,,median_heldout_normalized_error_absolute_not_signed,True
ieee14_eval_seed_14105_block_8x8,ieee14,ieee14_eval_seed_14105_block_8x8__sensitivity_refined_mean_k8_s3_239e7a9180fc,sensitivity_refined_mean,8,3,8,1,0.2931663419024951,0.0003703023624503,,median_heldout_normalized_error_absolute_not_signed,True
ieee14_eval_seed_14105_block_8x8,ieee14,ieee14_eval_seed_14105_block_8x8__sensitivity_refined_mean_k8_s4_239e7a9180fc,sensitivity_refined_mean,8,4,8,1,0.2931663419024951,0.0003703023624503,,median_heldout_normalized_error_absolute_not_signed,True
ieee14_eval_seed_14105_block_8x8,ieee14,ieee14_eval_seed_14105_block_8x8__sensitivity_refined_mean_k8_s6_239e7a9180fc,sensitivity_refined_mean,8,6,8,1,0.2931663419024951,0.0003703023624503,,median_heldout_normalized_error_absolute_not_signed,True
ieee14_eval_seed_14105_block_8x8,ieee14,ieee14_eval_seed_14105_block_8x8__sensitivity_refined_mean_k8_s8_239e7a9180fc,sensitivity_refined_mean,8,8,8,1,0.2931663419024951,0.0003703023624503,,median_heldout_normalized_error_absolute_not_signed,True
ieee14_eval_seed_14105_block_8x8,ieee14,ieee14_eval_seed_14105_block_8x8__sensitivity_refined_mean_k12_s2_f4f220279105,sensitivity_refined_mean,12,2,12,2,0.1502185396494479,0.0002387996628166,,median_heldout_normalized_error_absolute_not_signed,True
ieee14_eval_seed_14105_block_8x8,ieee14,ieee14_eval_seed_14105_block_8x8__sensitivity_refined_worst_case_k16_s6_7f0bb255b5bd,sensitivity_refined_worst_case,16,6,16,5,0.112629604069583,0.0001519464640106,,median_heldout_normalized_error_absolute_not_signed,True
ieee14_eval_seed_14105_block_8x8,ieee14,ieee14_eval_seed_14105_block_8x8__sensitivity_refined_worst_case_k16_s8_7f0bb255b5bd,sensitivity_refined_worst_case,16,8,16,5,0.112629604069583,0.0001519464640106,,median_heldout_normalized_error_absolute_not_signed,True
ieee14_eval_seed_14105_block_8x8,ieee14,ieee14_eval_seed_14105_block_8x8__sensitivity_refined_mean_k24_s4_28560addd668,sensitivity_refined_mean,24,4,24,4,0.0898915641686419,9.29373121514182e-05,,median_heldout_normalized_error_absolute_not_signed,True
ieee14_eval_seed_14105_block_8x8,ieee14,ieee14_eval_seed_14105_block_8x8__balanced_magnitude_k32_s4_c366faf643b7,balanced_magnitude,32,4,30,4,0.0680689563867419,9.798116959710732e-05,,median_heldout_normalized_error_absolute_not_signed,True
ieee14_eval_seed_14105_block_8x8,ieee14,ieee14_eval_seed_14105_block_8x8__sensitivity_initial_worst_case_k32_s4_b8088e6cfdc4,sensitivity_initial_worst_case,32,4,31,4,0.0607157219679019,8.919450476097316e-05,,median_heldout_normalized_error_absolute_not_signed,True
ieee14_eval_seed_14105_block_8x8,ieee14,ieee14_eval_seed_14105_block_8x8__sensitivity_initial_mean_k32_s6_f0a46ef49587,sensitivity_initial_mean,32,6,32,6,0.0251104309391529,4.862392676101149e-05,,median_heldout_normalized_error_absolute_not_signed,True
ieee14_eval_seed_14105_block_8x8,ieee14,ieee14_eval_seed_14105_block_8x8__sensitivity_initial_worst_case_k32_s6_f0a46ef49587,sensitivity_initial_worst_case,32,6,32,6,0.0251104309391529,4.862392676101149e-05,,median_heldout_normalized_error_absolute_not_signed,True
ieee30_eval_seed_30101_block_8x8,ieee30,ieee30_eval_seed_30101_block_8x8__random_objective_feasible_k8_s4_r19_22648314efb0,random_objective_feasible,8,4,8,1,0.9333580512080912,0.001065307237772,19.0,median_heldout_normalized_error_absolute_not_signed,True
ieee30_eval_seed_30101_block_8x8,ieee30,ieee30_eval_seed_30101_block_8x8__sensitivity_refined_mean_k12_s4_6327857752a3,sensitivity_refined_mean,12,4,12,3,0.2726271700255367,0.0002212771026074,,median_heldout_normalized_error_absolute_not_signed,True
ieee30_eval_seed_30101_block_8x8,ieee30,ieee30_eval_seed_30101_block_8x8__sensitivity_refined_mean_k12_s6_6327857752a3,sensitivity_refined_mean,12,6,12,3,0.2726271700255367,0.0002212771026074,,median_heldout_normalized_error_absolute_not_signed,True
ieee30_eval_seed_30101_block_8x8,ieee30,ieee30_eval_seed_30101_block_8x8__sensitivity_refined_mean_k12_s8_6327857752a3,sensitivity_refined_mean,12,8,12,3,0.2726271700255367,0.0002212771026074,,median_heldout_normalized_error_absolute_not_signed,True
ieee30_eval_seed_30101_block_8x8,ieee30,ieee30_eval_seed_30101_block_8x8__sensitivity_refined_mean_k24_s8_8f7689a416e1,sensitivity_refined_mean,24,8,24,7,0.0830151992520076,6.585363945925328e-05,,median_heldout_normalized_error_absolute_not_signed,True
ieee30_eval_seed_30101_block_8x8,ieee30,ieee30_eval_seed_30101_block_8x8__sensitivity_initial_worst_case_k32_s8_e941ce9c8cc1,sensitivity_initial_worst_case,32,8,32,8,0.0359933350831801,3.783916532215084e-05,,median_heldout_normalized_error_absolute_not_signed,True
ieee30_eval_seed_30102_block_8x8,ieee30,ieee30_eval_seed_30102_block_8x8__random_objective_feasible_k8_s2_r09_a1ccfbd0724d,random_objective_feasible,8,2,8,1,0.7931624420457547,0.0006969470699764,9.0,median_heldout_normalized_error_absolute_not_signed,True
ieee30_eval_seed_30102_block_8x8,ieee30,ieee30_eval_seed_30102_block_8x8__sensitivity_initial_mean_k12_s6_1e6fcc9553b3,sensitivity_initial_mean,12,6,12,5,0.2207295692217657,0.0003370279330225,,median_heldout_normalized_error_absolute_not_signed,True
ieee30_eval_seed_30102_block_8x8,ieee30,ieee30_eval_seed_30102_block_8x8__sensitivity_initial_mean_k12_s8_1e6fcc9553b3,sensitivity_initial_mean,12,8,12,5,0.2207295692217657,0.0003370279330225,,median_heldout_normalized_error_absolute_not_signed,True
ieee30_eval_seed_30102_block_8x8,ieee30,ieee30_eval_seed_30102_block_8x8__sensitivity_initial_mean_k16_s6_8a120b5bbdd8,sensitivity_initial_mean,16,6,16,6,0.1848419335836016,0.000292255828544,,median_heldout_normalized_error_absolute_not_signed,True
ieee30_eval_seed_30102_block_8x8,ieee30,ieee30_eval_seed_30102_block_8x8__sensitivity_initial_mean_k16_s8_8a120b5bbdd8,sensitivity_initial_mean,16,8,16,6,0.1848419335836016,0.000292255828544,,median_heldout_normalized_error_absolute_not_signed,True
ieee30_eval_seed_30102_block_8x8,ieee30,ieee30_eval_seed_30102_block_8x8__sensitivity_refined_mean_k24_s3_d42d656d8d3d,sensitivity_refined_mean,24,3,20,3,0.0747741975977644,0.0001179035059975,,median_heldout_normalized_error_absolute_not_signed,True
ieee30_eval_seed_30102_block_8x8,ieee30,ieee30_eval_seed_30102_block_8x8__sensitivity_refined_mean_k32_s3_d42d656d8d3d,sensitivity_refined_mean,32,3,20,3,0.0747741975977644,0.0001179035059975,,median_heldout_normalized_error_absolute_not_signed,True
ieee30_eval_seed_30102_block_8x8,ieee30,ieee30_eval_seed_30102_block_8x8__sensitivity_refined_mean_k32_s4_0c07127b40ab,sensitivity_refined_mean,32,4,27,4,0.0566768169910019,8.0073777554861e-05,,median_heldout_normalized_error_absolute_not_signed,True
ieee30_eval_seed_30102_block_8x8,ieee30,ieee30_eval_seed_30102_block_8x8__sensitivity_refined_mean_k32_s8_f78727252c82,sensitivity_refined_mean,32,8,32,8,0.0559424958374213,6.619545632466492e-05,,median_heldout_normalized_error_absolute_not_signed,True
ieee30_eval_seed_30103_block_8x8,ieee30,ieee30_eval_seed_30103_block_8x8__random_objective_feasible_k8_s6_r28_7a2c7ce8145c,random_objective_feasible,8,6,8,1,0.8134663118915371,0.0008406914348067,28.0,median_heldout_normalized_error_absolute_not_signed,True
ieee30_eval_seed_30103_block_8x8,ieee30,ieee30_eval_seed_30103_block_8x8__random_objective_feasible_k12_s4_r21_8cfbff529b1c,random_objective_feasible,12,4,12,3,0.1684693924537443,0.0002408589499063,21.0,median_heldout_normalized_error_absolute_not_signed,True
ieee30_eval_seed_30103_block_8x8,ieee30,ieee30_eval_seed_30103_block_8x8__sensitivity_refined_mean_k16_s3_53fc016cd6f6,sensitivity_refined_mean,16,3,16,3,0.1331733499580163,0.0001451080074242,,median_heldout_normalized_error_absolute_not_signed,True
ieee30_eval_seed_30103_block_8x8,ieee30,ieee30_eval_seed_30103_block_8x8__random_objective_feasible_k24_s3_r29_b6cead0ea07f,random_objective_feasible,24,3,21,3,0.1129353953361987,0.0001816072512023,29.0,median_heldout_normalized_error_absolute_not_signed,True
ieee30_eval_seed_30103_block_8x8,ieee30,ieee30_eval_seed_30103_block_8x8__sensitivity_initial_worst_case_k24_s8_9464c29192e0,sensitivity_initial_worst_case,24,8,24,7,0.087498868333831,0.0001422120250024,,median_heldout_normalized_error_absolute_not_signed,True
ieee30_eval_seed_30103_block_8x8,ieee30,ieee30_eval_seed_30103_block_8x8__sensitivity_refined_mean_k32_s8_2b1c70e73214,sensitivity_refined_mean,32,8,32,8,0.0586289983586322,6.14175733438556e-05,,median_heldout_normalized_error_absolute_not_signed,True
ieee30_eval_seed_30104_block_8x8,ieee30,ieee30_eval_seed_30104_block_8x8__random_objective_feasible_k8_s8_r04_8dbea62c57d5,random_objective_feasible,8,8,8,1,1.0414565300024088,0.0007358118376274,4.0,median_heldout_normalized_error_absolute_not_signed,True
ieee30_eval_seed_30104_block_8x8,ieee30,ieee30_eval_seed_30104_block_8x8__sensitivity_refined_mean_k12_s4_0ca1d736f65e,sensitivity_refined_mean,12,4,12,3,0.3128760316108377,0.0002376788481021,,median_heldout_normalized_error_absolute_not_signed,True
ieee30_eval_seed_30104_block_8x8,ieee30,ieee30_eval_seed_30104_block_8x8__sensitivity_refined_mean_k12_s6_0ca1d736f65e,sensitivity_refined_mean,12,6,12,3,0.3128760316108377,0.0002376788481021,,median_heldout_normalized_error_absolute_not_signed,True
ieee30_eval_seed_30104_block_8x8,ieee30,ieee30_eval_seed_30104_block_8x8__sensitivity_refined_mean_k12_s8_0ca1d736f65e,sensitivity_refined_mean,12,8,12,3,0.3128760316108377,0.0002376788481021,,median_heldout_normalized_error_absolute_not_signed,True
ieee30_eval_seed_30104_block_8x8,ieee30,ieee30_eval_seed_30104_block_8x8__random_objective_feasible_k16_s8_r15_3faf2aa8f052,random_objective_feasible,16,8,16,5,0.3101401231677385,0.0002546567833602,15.0,median_heldout_normalized_error_absolute_not_signed,True
ieee30_eval_seed_30104_block_8x8,ieee30,ieee30_eval_seed_30104_block_8x8__random_objective_feasible_k32_s3_r14_b0280203c1de,random_objective_feasible,32,3,22,3,0.2009401695411699,0.0001802100758517,14.0,median_heldout_normalized_error_absolute_not_signed,True
ieee30_eval_seed_30104_block_8x8,ieee30,ieee30_eval_seed_30104_block_8x8__sensitivity_refined_mean_k24_s6_d3aba5a2c188,sensitivity_refined_mean,24,6,24,6,0.1498466876690017,0.0001358210681461,,median_heldout_normalized_error_absolute_not_signed,True
ieee30_eval_seed_30104_block_8x8,ieee30,ieee30_eval_seed_30104_block_8x8__sensitivity_initial_mean_k32_s8_399498e06b6b,sensitivity_initial_mean,32,8,32,8,0.0400738620083655,3.266098650381603e-05,,median_heldout_normalized_error_absolute_not_signed,True
ieee30_eval_seed_30104_block_8x8,ieee30,ieee30_eval_seed_30104_block_8x8__sensitivity_initial_worst_case_k32_s8_399498e06b6b,sensitivity_initial_worst_case,32,8,32,8,0.0400738620083655,3.266098650381603e-05,,median_heldout_normalized_error_absolute_not_signed,True
ieee30_eval_seed_30105_block_8x8,ieee30,ieee30_eval_seed_30105_block_8x8__random_objective_feasible_k8_s4_r10_7a2c7ce8145c,random_objective_feasible,8,4,8,1,0.8222089109466063,0.0009473933918091,10.0,median_heldout_normalized_error_absolute_not_signed,True
ieee30_eval_seed_30105_block_8x8,ieee30,ieee30_eval_seed_30105_block_8x8__sensitivity_initial_mean_k12_s4_395f73a1d0f4,sensitivity_initial_mean,12,4,12,4,0.111990300707807,0.0002044147641671,,median_heldout_normalized_error_absolute_not_signed,True
ieee30_eval_seed_30105_block_8x8,ieee30,ieee30_eval_seed_30105_block_8x8__sensitivity_initial_mean_k12_s6_395f73a1d0f4,sensitivity_initial_mean,12,6,12,4,0.111990300707807,0.0002044147641671,,median_heldout_normalized_error_absolute_not_signed,True
ieee30_eval_seed_30105_block_8x8,ieee30,ieee30_eval_seed_30105_block_8x8__sensitivity_initial_mean_k12_s8_395f73a1d0f4,sensitivity_initial_mean,12,8,12,4,0.111990300707807,0.0002044147641671,,median_heldout_normalized_error_absolute_not_signed,True
ieee30_eval_seed_30105_block_8x8,ieee30,ieee30_eval_seed_30105_block_8x8__sensitivity_refined_mean_k24_s6_c7899de4d012,sensitivity_refined_mean,24,6,24,6,0.0550450479626601,8.904655586046287e-05,,median_heldout_normalized_error_absolute_not_signed,True
ieee30_eval_seed_30105_block_8x8,ieee30,ieee30_eval_seed_30105_block_8x8__sensitivity_initial_worst_case_k32_s8_d49b21359603,sensitivity_initial_worst_case,32,8,32,8,0.0348026097659066,5.356308721036682e-05,,median_heldout_normalized_error_absolute_not_signed,True
ieee57_eval_seed_57101_block_8x8,ieee57,ieee57_eval_seed_57101_block_8x8__random_objective_feasible_k8_s8_r22_ddefc6b97559,random_objective_feasible,8,8,8,1,0.549456250578126,0.0011393567771882,22.0,median_heldout_normalized_error_absolute_not_signed,True
ieee57_eval_seed_57101_block_8x8,ieee57,ieee57_eval_seed_57101_block_8x8__random_objective_feasible_k12_s8_r21_32092b304e1d,random_objective_feasible,12,8,12,3,0.346444989466812,0.0008750841488867,21.0,median_heldout_normalized_error_absolute_not_signed,True
ieee57_eval_seed_57101_block_8x8,ieee57,ieee57_eval_seed_57101_block_8x8__sensitivity_refined_mean_k16_s3_1227957abb61,sensitivity_refined_mean,16,3,16,3,0.1422786798487556,0.0002722476535754,,median_heldout_normalized_error_absolute_not_signed,True
ieee57_eval_seed_57101_block_8x8,ieee57,ieee57_eval_seed_57101_block_8x8__sensitivity_refined_mean_k24_s8_9f1e0c570079,sensitivity_refined_mean,24,8,24,8,0.0288668820935223,4.898954334037642e-05,,median_heldout_normalized_error_absolute_not_signed,True
ieee57_eval_seed_57101_block_8x8,ieee57,ieee57_eval_seed_57101_block_8x8__sensitivity_initial_mean_k32_s8_9b2e6504d009,sensitivity_initial_mean,32,8,32,8,0.0087866126046301,1.9320579492129492e-05,,median_heldout_normalized_error_absolute_not_signed,True
ieee57_eval_seed_57102_block_8x8,ieee57,ieee57_eval_seed_57102_block_8x8__random_objective_feasible_k8_s3_r24_11715381c766,random_objective_feasible,8,3,8,1,0.4594461058519375,0.0008422658894272,24.0,median_heldout_normalized_error_absolute_not_signed,True
ieee57_eval_seed_57102_block_8x8,ieee57,ieee57_eval_seed_57102_block_8x8__random_objective_feasible_k8_s4_r04_11715381c766,random_objective_feasible,8,4,8,1,0.4594461058519375,0.0008422658894272,4.0,median_heldout_normalized_error_absolute_not_signed,True
ieee57_eval_seed_57102_block_8x8,ieee57,ieee57_eval_seed_57102_block_8x8__sensitivity_refined_worst_case_k12_s3_e11caef12362,sensitivity_refined_worst_case,12,3,12,3,0.2703147690413226,0.000413336004747,,median_heldout_normalized_error_absolute_not_signed,True
ieee57_eval_seed_57102_block_8x8,ieee57,ieee57_eval_seed_57102_block_8x8__random_objective_feasible_k24_s2_r08_89200e4640df,random_objective_feasible,24,2,15,2,0.228966090906789,0.0006910629435216,8.0,median_heldout_normalized_error_absolute_not_signed,True
ieee57_eval_seed_57102_block_8x8,ieee57,ieee57_eval_seed_57102_block_8x8__sensitivity_refined_mean_k16_s4_61fd18201266,sensitivity_refined_mean,16,4,16,4,0.1866397990789245,0.0003041057672578,,median_heldout_normalized_error_absolute_not_signed,True
ieee57_eval_seed_57102_block_8x8,ieee57,ieee57_eval_seed_57102_block_8x8__sensitivity_refined_worst_case_k24_s8_6652aada3542,sensitivity_refined_worst_case,24,8,24,8,0.1087240612714114,0.0002043877571818,,median_heldout_normalized_error_absolute_not_signed,True
ieee57_eval_seed_57102_block_8x8,ieee57,ieee57_eval_seed_57102_block_8x8__sensitivity_refined_mean_k32_s8_1a1075e1fffe,sensitivity_refined_mean,32,8,32,8,0.0113902536903917,1.8029035210151336e-05,,median_heldout_normalized_error_absolute_not_signed,True
ieee57_eval_seed_57103_block_8x8,ieee57,ieee57_eval_seed_57103_block_8x8__random_objective_feasible_k8_s3_r11_88fb03a230fa,random_objective_feasible,8,3,8,1,0.4983216904220765,0.0009839131842841,11.0,median_heldout_normalized_error_absolute_not_signed,True
ieee57_eval_seed_57103_block_8x8,ieee57,ieee57_eval_seed_57103_block_8x8__random_objective_feasible_k8_s8_r23_88fb03a230fa,random_objective_feasible,8,8,8,1,0.4983216904220765,0.0009839131842841,23.0,median_heldout_normalized_error_absolute_not_signed,True
ieee57_eval_seed_57103_block_8x8,ieee57,ieee57_eval_seed_57103_block_8x8__random_objective_feasible_k12_s2_r12_4dbf98c83012,random_objective_feasible,12,2,12,2,0.3319736115433486,0.0007297414147186,12.0,median_heldout_normalized_error_absolute_not_signed,True
ieee57_eval_seed_57103_block_8x8,ieee57,ieee57_eval_seed_57103_block_8x8__random_objective_feasible_k16_s2_r21_8e8d50011a78,random_objective_feasible,16,2,14,2,0.3262957263626023,0.0008269645860745,21.0,median_heldout_normalized_error_absolute_not_signed,True
ieee57_eval_seed_57103_block_8x8,ieee57,ieee57_eval_seed_57103_block_8x8__sensitivity_refined_mean_k16_s4_7ba23e9957d7,sensitivity_refined_mean,16,4,16,4,0.1551796744106552,0.0002562711955033,,median_heldout_normalized_error_absolute_not_signed,True
ieee57_eval_seed_57103_block_8x8,ieee57,ieee57_eval_seed_57103_block_8x8__sensitivity_refined_mean_k24_s8_6ca32c7ce82a,sensitivity_refined_mean,24,8,24,7,0.0779511703643239,0.0001151105555169,,median_heldout_normalized_error_absolute_not_signed,True
ieee57_eval_seed_57103_block_8x8,ieee57,ieee57_eval_seed_57103_block_8x8__sensitivity_refined_worst_case_k32_s8_c97a29927868,sensitivity_refined_worst_case,32,8,32,8,0.0055341236955279,1.2249567600356672e-05,,median_heldout_normalized_error_absolute_not_signed,True
ieee57_eval_seed_57104_block_8x8,ieee57,ieee57_eval_seed_57104_block_8x8__random_objective_feasible_k8_s3_r10_11715381c766,random_objective_feasible,8,3,8,1,0.4997543309084956,0.0008251916458539,10.0,median_heldout_normalized_error_absolute_not_signed,True
ieee57_eval_seed_57104_block_8x8,ieee57,ieee57_eval_seed_57104_block_8x8__random_objective_feasible_k8_s4_r02_989f4e870886,random_objective_feasible,8,4,8,1,0.4997543309084956,0.0008251916458539,2.0,median_heldout_normalized_error_absolute_not_signed,True
ieee57_eval_seed_57104_block_8x8,ieee57,ieee57_eval_seed_57104_block_8x8__random_objective_feasible_k8_s8_r07_989f4e870886,random_objective_feasible,8,8,8,1,0.4997543309084956,0.0008251916458539,7.0,median_heldout_normalized_error_absolute_not_signed,True
ieee57_eval_seed_57104_block_8x8,ieee57,ieee57_eval_seed_57104_block_8x8__random_objective_feasible_k12_s2_r10_2cab4f8ab70a,random_objective_feasible,12,2,12,2,0.2823930611717259,0.000702439286296,10.0,median_heldout_normalized_error_absolute_not_signed,True
ieee57_eval_seed_57104_block_8x8,ieee57,ieee57_eval_seed_57104_block_8x8__sensitivity_refined_mean_k16_s3_8cb3ea23b983,sensitivity_refined_mean,16,3,16,3,0.1542100759590575,0.0003326866984127,,median_heldout_normalized_error_absolute_not_signed,True
ieee57_eval_seed_57104_block_8x8,ieee57,ieee57_eval_seed_57104_block_8x8__sensitivity_refined_worst_case_k24_s8_c849503e618f,sensitivity_refined_worst_case,24,8,24,6,0.1024114721054155,0.00023834713969,,median_heldout_normalized_error_absolute_not_signed,True
ieee57_eval_seed_57104_block_8x8,ieee57,ieee57_eval_seed_57104_block_8x8__sensitivity_initial_worst_case_k32_s8_9b2e6504d009,sensitivity_initial_worst_case,32,8,32,8,0.008298870977106,1.34330145607778e-05,,median_heldout_normalized_error_absolute_not_signed,True
ieee57_eval_seed_57105_block_8x8,ieee57,ieee57_eval_seed_57105_block_8x8__random_objective_feasible_k8_s3_r04_989f4e870886,random_objective_feasible,8,3,8,1,0.4750768687168938,0.0009720439770589,4.0,median_heldout_normalized_error_absolute_not_signed,True
ieee57_eval_seed_57105_block_8x8,ieee57,ieee57_eval_seed_57105_block_8x8__random_objective_feasible_k8_s4_r15_11715381c766,random_objective_feasible,8,4,8,1,0.4750768687168938,0.0009720439770589,15.0,median_heldout_normalized_error_absolute_not_signed,True
ieee57_eval_seed_57105_block_8x8,ieee57,ieee57_eval_seed_57105_block_8x8__random_objective_feasible_k8_s4_r28_989f4e870886,random_objective_feasible,8,4,8,1,0.4750768687168938,0.0009720439770589,28.0,median_heldout_normalized_error_absolute_not_signed,True
ieee57_eval_seed_57105_block_8x8,ieee57,ieee57_eval_seed_57105_block_8x8__random_objective_feasible_k8_s6_r03_11715381c766,random_objective_feasible,8,6,8,1,0.4750768687168938,0.0009720439770589,3.0,median_heldout_normalized_error_absolute_not_signed,True
ieee57_eval_seed_57105_block_8x8,ieee57,ieee57_eval_seed_57105_block_8x8__random_objective_feasible_k12_s6_r28_4f6c5deced28,random_objective_feasible,12,6,12,3,0.2424912927412341,0.0005688899235554,28.0,median_heldout_normalized_error_absolute_not_signed,True
ieee57_eval_seed_57105_block_8x8,ieee57,ieee57_eval_seed_57105_block_8x8__random_objective_feasible_k24_s2_r09_c1fb0babbc9f,random_objective_feasible,24,2,14,2,0.2346162085330141,0.0004977561211702,9.0,median_heldout_normalized_error_absolute_not_signed,True
ieee57_eval_seed_57105_block_8x8,ieee57,ieee57_eval_seed_57105_block_8x8__sensitivity_refined_worst_case_k16_s6_3b080933096b,sensitivity_refined_worst_case,16,6,16,4,0.1248550679493764,0.0001895637435001,,median_heldout_normalized_error_absolute_not_signed,True
ieee57_eval_seed_57105_block_8x8,ieee57,ieee57_eval_seed_57105_block_8x8__sensitivity_refined_worst_case_k16_s8_3b080933096b,sensitivity_refined_worst_case,16,8,16,4,0.1248550679493764,0.0001895637435001,,median_heldout_normalized_error_absolute_not_signed,True
ieee57_eval_seed_57105_block_8x8,ieee57,ieee57_eval_seed_57105_block_8x8__sensitivity_refined_mean_k24_s6_f61c366e769c,sensitivity_refined_mean,24,6,24,6,0.0764108133472462,0.0001307014563757,,median_heldout_normalized_error_absolute_not_signed,True
ieee57_eval_seed_57105_block_8x8,ieee57,ieee57_eval_seed_57105_block_8x8__sensitivity_refined_mean_k24_s8_f61c366e769c,sensitivity_refined_mean,24,8,24,6,0.0764108133472462,0.0001307014563757,,median_heldout_normalized_error_absolute_not_signed,True
ieee57_eval_seed_57105_block_8x8,ieee57,ieee57_eval_seed_57105_block_8x8__sensitivity_initial_mean_k32_s8_9b2e6504d009,sensitivity_initial_mean,32,8,32,8,0.0082112172485616,1.820886514637655e-05,,median_heldout_normalized_error_absolute_not_signed,True
