instance_id,structural_group_id,structural_group_selection_order,candidate_id,candidate_policy,ieee_case,realization_order,matrix_selection_seed,matrix_shape,candidate_nonzeros,matrix_fingerprint,selected_rows,selected_columns,state_metadata,measurement_metadata,condition_number,spectral_norm,regularization_alpha,regularization_policy,reference_mu,reference_beta,lambda_ref,development_or_evaluation,inclusion_status,primary_structural_feasibility,secondary_structural_feasibility,selector_outcomes_used_for_inclusion
ieee14_structural_group_01_realization_01_seed_14201_8x8,ieee14_structural_group_01,1,ieee14_lexicographic_metadata_v01,lexicographic_metadata,ieee14,1,14201,"[8,8]",17,954dcecbdfc1e0d5a48e875139bbce2aa0421fcb82ba4f61518558946e2979f1,"[50,51,52,53,54,55,56,57]","[2,3,4,5,6,7,18,22]","[{""bus_id"":4,""full_state_index"":2,""label"":""theta_4"",""local_index"":0,""state_type"":""angle""},{""bus_id"":5,""full_state_index"":3,""label"":""theta_5"",""local_index"":1,""state_type"":""angle""},{""bus_id"":6,""full_state_index"":4,""label"":""theta_6"",""local_index"":2,""state_type"":""angle""},{""bus_id"":7,""full_state_index"":5,""label"":""theta_7"",""local_index"":3,""state_type"":""angle""},{""bus_id"":8,""full_state_index"":6,""label"":""theta_8"",""local_index"":4,""state_type"":""angle""},{""bus_id"":9,""full_state_index"":7,""label"":""theta_9"",""local_index"":5,""state_type"":""angle""},{""bus_id"":6,""full_state_index"":18,""label"":""V_6"",""local_index"":6,""state_type"":""voltage""},{""bus_id"":10,""full_state_index"":22,""label"":""V_10"",""local_index"":7,""state_type"":""voltage""}]","[{""full_measurement_index"":50,""local_index"":0,""measurement_label"":""P_4_9"",""measurement_type"":""p_branch_flow""},{""full_measurement_index"":51,""local_index"":1,""measurement_label"":""P_5_6"",""measurement_type"":""p_branch_flow""},{""full_measurement_index"":52,""local_index"":2,""measurement_label"":""P_6_11"",""measurement_type"":""p_branch_flow""},{""full_measurement_index"":53,""local_index"":3,""measurement_label"":""P_6_12"",""measurement_type"":""p_branch_flow""},{""full_measurement_index"":54,""local_index"":4,""measurement_label"":""P_6_13"",""measurement_type"":""p_branch_flow""},{""full_measurement_index"":55,""local_index"":5,""measurement_label"":""P_7_8"",""measurement_type"":""p_branch_flow""},{""full_measurement_index"":56,""local_index"":6,""measurement_label"":""P_7_9"",""measurement_type"":""p_branch_flow""},{""full_measurement_index"":57,""local_index"":7,""measurement_label"":""P_9_10"",""measurement_type"":""p_branch_flow""}]",2.342526920235687e+17,886.2935971818898,206842.98589197322,frozen_lambda_ref_times_full_candidate_reference_beta_squared,575.168889205989,1725.506667617967,0.06947163416534002,structural_evaluation,included,completed,completed,False
ieee14_structural_group_01_realization_02_seed_14202_8x8,ieee14_structural_group_01,1,ieee14_lexicographic_metadata_v01,lexicographic_metadata,ieee14,2,14202,"[8,8]",17,c1399edcdd1ed5a9afa270eac5fa19070427e251318d30ebe43b86c8828b6116,"[50,51,52,53,54,55,56,57]","[2,3,4,5,6,7,18,22]","[{""bus_id"":4,""full_state_index"":2,""label"":""theta_4"",""local_index"":0,""state_type"":""angle""},{""bus_id"":5,""full_state_index"":3,""label"":""theta_5"",""local_index"":1,""state_type"":""angle""},{""bus_id"":6,""full_state_index"":4,""label"":""theta_6"",""local_index"":2,""state_type"":""angle""},{""bus_id"":7,""full_state_index"":5,""label"":""theta_7"",""local_index"":3,""state_type"":""angle""},{""bus_id"":8,""full_state_index"":6,""label"":""theta_8"",""local_index"":4,""state_type"":""angle""},{""bus_id"":9,""full_state_index"":7,""label"":""theta_9"",""local_index"":5,""state_type"":""angle""},{""bus_id"":6,""full_state_index"":18,""label"":""V_6"",""local_index"":6,""state_type"":""voltage""},{""bus_id"":10,""full_state_index"":22,""label"":""V_10"",""local_index"":7,""state_type"":""voltage""}]","[{""full_measurement_index"":50,""local_index"":0,""measurement_label"":""P_4_9"",""measurement_type"":""p_branch_flow""},{""full_measurement_index"":51,""local_index"":1,""measurement_label"":""P_5_6"",""measurement_type"":""p_branch_flow""},{""full_measurement_index"":52,""local_index"":2,""measurement_label"":""P_6_11"",""measurement_type"":""p_branch_flow""},{""full_measurement_index"":53,""local_index"":3,""measurement_label"":""P_6_12"",""measurement_type"":""p_branch_flow""},{""full_measurement_index"":54,""local_index"":4,""measurement_label"":""P_6_13"",""measurement_type"":""p_branch_flow""},{""full_measurement_index"":55,""local_index"":5,""measurement_label"":""P_7_8"",""measurement_type"":""p_branch_flow""},{""full_measurement_index"":56,""local_index"":6,""measurement_label"":""P_7_9"",""measurement_type"":""p_branch_flow""},{""full_measurement_index"":57,""local_index"":7,""measurement_label"":""P_9_10"",""measurement_type"":""p_branch_flow""}]",2.391075612497769e+16,894.2567820762142,208117.01451159845,frozen_lambda_ref_times_full_candidate_reference_beta_squared,576.9375174986446,1730.812552495934,0.06947163416534002,structural_evaluation,included,completed,completed,False
ieee14_structural_group_02_realization_01_seed_14201_8x8,ieee14_structural_group_02,2,ieee14_lexicographic_metadata_v02,lexicographic_metadata,ieee14,1,14201,"[8,8]",20,7833623190ebace3a6e39b45d275e9a665b311f04e4a34ebaf459c572557395e,"[15,16,17,18,24,25,26,27]","[14,15,16,22,23,24,25,26]","[{""bus_id"":2,""full_state_index"":14,""label"":""V_2"",""local_index"":0,""state_type"":""voltage""},{""bus_id"":3,""full_state_index"":15,""label"":""V_3"",""local_index"":1,""state_type"":""voltage""},{""bus_id"":4,""full_state_index"":16,""label"":""V_4"",""local_index"":2,""state_type"":""voltage""},{""bus_id"":10,""full_state_index"":22,""label"":""V_10"",""local_index"":3,""state_type"":""voltage""},{""bus_id"":11,""full_state_index"":23,""label"":""V_11"",""local_index"":4,""state_type"":""voltage""},{""bus_id"":12,""full_state_index"":24,""label"":""V_12"",""local_index"":5,""state_type"":""voltage""},{""bus_id"":13,""full_state_index"":25,""label"":""V_13"",""local_index"":6,""state_type"":""voltage""},{""bus_id"":14,""full_state_index"":26,""label"":""V_14"",""local_index"":7,""state_type"":""voltage""}]","[{""full_measurement_index"":15,""local_index"":0,""measurement_label"":""P_inj_2"",""measurement_type"":""p_injection""},{""full_measurement_index"":16,""local_index"":1,""measurement_label"":""P_inj_3"",""measurement_type"":""p_injection""},{""full_measurement_index"":17,""local_index"":2,""measurement_label"":""P_inj_4"",""measurement_type"":""p_injection""},{""full_measurement_index"":18,""local_index"":3,""measurement_label"":""P_inj_5"",""measurement_type"":""p_injection""},{""full_measurement_index"":24,""local_index"":4,""measurement_label"":""P_inj_11"",""measurement_type"":""p_injection""},{""full_measurement_index"":25,""local_index"":5,""measurement_label"":""P_inj_12"",""measurement_type"":""p_injection""},{""full_measurement_index"":26,""local_index"":6,""measurement_label"":""P_inj_13"",""measurement_type"":""p_injection""},{""full_measurement_index"":27,""local_index"":7,""measurement_label"":""P_inj_14"",""measurement_type"":""p_injection""}]",,412.96922997162244,72402.59606581759,frozen_lambda_ref_times_full_candidate_reference_beta_squared,340.29224905362946,1020.8767471608884,0.06947163416534002,structural_evaluation,included,completed,completed,False
ieee14_structural_group_02_realization_02_seed_14202_8x8,ieee14_structural_group_02,2,ieee14_lexicographic_metadata_v02,lexicographic_metadata,ieee14,2,14202,"[8,8]",20,16119aba633d386a3a8942d6962a7df87c7c5a7089570202f34a6603102258d7,"[15,16,17,18,24,25,26,27]","[14,15,16,22,23,24,25,26]","[{""bus_id"":2,""full_state_index"":14,""label"":""V_2"",""local_index"":0,""state_type"":""voltage""},{""bus_id"":3,""full_state_index"":15,""label"":""V_3"",""local_index"":1,""state_type"":""voltage""},{""bus_id"":4,""full_state_index"":16,""label"":""V_4"",""local_index"":2,""state_type"":""voltage""},{""bus_id"":10,""full_state_index"":22,""label"":""V_10"",""local_index"":3,""state_type"":""voltage""},{""bus_id"":11,""full_state_index"":23,""label"":""V_11"",""local_index"":4,""state_type"":""voltage""},{""bus_id"":12,""full_state_index"":24,""label"":""V_12"",""local_index"":5,""state_type"":""voltage""},{""bus_id"":13,""full_state_index"":25,""label"":""V_13"",""local_index"":6,""state_type"":""voltage""},{""bus_id"":14,""full_state_index"":26,""label"":""V_14"",""local_index"":7,""state_type"":""voltage""}]","[{""full_measurement_index"":15,""local_index"":0,""measurement_label"":""P_inj_2"",""measurement_type"":""p_injection""},{""full_measurement_index"":16,""local_index"":1,""measurement_label"":""P_inj_3"",""measurement_type"":""p_injection""},{""full_measurement_index"":17,""local_index"":2,""measurement_label"":""P_inj_4"",""measurement_type"":""p_injection""},{""full_measurement_index"":18,""local_index"":3,""measurement_label"":""P_inj_5"",""measurement_type"":""p_injection""},{""full_measurement_index"":24,""local_index"":4,""measurement_label"":""P_inj_11"",""measurement_type"":""p_injection""},{""full_measurement_index"":25,""local_index"":5,""measurement_label"":""P_inj_12"",""measurement_type"":""p_injection""},{""full_measurement_index"":26,""local_index"":6,""measurement_label"":""P_inj_13"",""measurement_type"":""p_injection""},{""full_measurement_index"":27,""local_index"":7,""measurement_label"":""P_inj_14"",""measurement_type"":""p_injection""}]",,423.2527180233656,73463.11323680496,frozen_lambda_ref_times_full_candidate_reference_beta_squared,342.7754048022589,1028.3262144067767,0.06947163416534002,structural_evaluation,included,completed,completed,False
ieee14_structural_group_03_realization_01_seed_14201_8x8,ieee14_structural_group_03,3,ieee14_lexicographic_metadata_v03,lexicographic_metadata,ieee14,1,14201,"[8,8]",34,60e48ea7cc6e78abdb58f6da23a56ba17768676ee4af7c8a65befdca806c0ba3,"[17,22,31,34,36,63,65,79]","[2,7,8,9,16,17,19,21]","[{""bus_id"":4,""full_state_index"":2,""label"":""theta_4"",""local_index"":0,""state_type"":""angle""},{""bus_id"":9,""full_state_index"":7,""label"":""theta_9"",""local_index"":1,""state_type"":""angle""},{""bus_id"":10,""full_state_index"":8,""label"":""theta_10"",""local_index"":2,""state_type"":""angle""},{""bus_id"":11,""full_state_index"":9,""label"":""theta_11"",""local_index"":3,""state_type"":""angle""},{""bus_id"":4,""full_state_index"":16,""label"":""V_4"",""local_index"":4,""state_type"":""voltage""},{""bus_id"":5,""full_state_index"":17,""label"":""V_5"",""local_index"":5,""state_type"":""voltage""},{""bus_id"":7,""full_state_index"":19,""label"":""V_7"",""local_index"":6,""state_type"":""voltage""},{""bus_id"":9,""full_state_index"":21,""label"":""V_9"",""local_index"":7,""state_type"":""voltage""}]","[{""full_measurement_index"":17,""local_index"":0,""measurement_label"":""P_inj_4"",""measurement_type"":""p_injection""},{""full_measurement_index"":22,""local_index"":1,""measurement_label"":""P_inj_9"",""measurement_type"":""p_injection""},{""full_measurement_index"":31,""local_index"":2,""measurement_label"":""Q_inj_4"",""measurement_type"":""q_injection""},{""full_measurement_index"":34,""local_index"":3,""measurement_label"":""Q_inj_7"",""measurement_type"":""q_injection""},{""full_measurement_index"":36,""local_index"":4,""measurement_label"":""Q_inj_9"",""measurement_type"":""q_injection""},{""full_measurement_index"":63,""local_index"":5,""measurement_label"":""Q_1_5"",""measurement_type"":""q_branch_flow""},{""full_measurement_index"":65,""local_index"":6,""measurement_label"":""Q_2_4"",""measurement_type"":""q_branch_flow""},{""full_measurement_index"":79,""local_index"":7,""measurement_label"":""Q_10_11"",""measurement_type"":""q_branch_flow""}]",4014.514446681523,1607.8353739077897,1115749.0527047438,frozen_lambda_ref_times_full_candidate_reference_beta_squared,1335.8517116760058,4007.5551350280175,0.06947163416534002,structural_evaluation,included,completed,completed,False
ieee14_structural_group_03_realization_02_seed_14202_8x8,ieee14_structural_group_03,3,ieee14_lexicographic_metadata_v03,lexicographic_metadata,ieee14,2,14202,"[8,8]",34,1ebb8e8bafd1d1ce55b6d084cab7c7e81f3fc5bfd3e447a7232fb8970e4f6d23,"[17,22,31,34,36,63,65,79]","[2,7,8,9,16,17,19,21]","[{""bus_id"":4,""full_state_index"":2,""label"":""theta_4"",""local_index"":0,""state_type"":""angle""},{""bus_id"":9,""full_state_index"":7,""label"":""theta_9"",""local_index"":1,""state_type"":""angle""},{""bus_id"":10,""full_state_index"":8,""label"":""theta_10"",""local_index"":2,""state_type"":""angle""},{""bus_id"":11,""full_state_index"":9,""label"":""theta_11"",""local_index"":3,""state_type"":""angle""},{""bus_id"":4,""full_state_index"":16,""label"":""V_4"",""local_index"":4,""state_type"":""voltage""},{""bus_id"":5,""full_state_index"":17,""label"":""V_5"",""local_index"":5,""state_type"":""voltage""},{""bus_id"":7,""full_state_index"":19,""label"":""V_7"",""local_index"":6,""state_type"":""voltage""},{""bus_id"":9,""full_state_index"":21,""label"":""V_9"",""local_index"":7,""state_type"":""voltage""}]","[{""full_measurement_index"":17,""local_index"":0,""measurement_label"":""P_inj_4"",""measurement_type"":""p_injection""},{""full_measurement_index"":22,""local_index"":1,""measurement_label"":""P_inj_9"",""measurement_type"":""p_injection""},{""full_measurement_index"":31,""local_index"":2,""measurement_label"":""Q_inj_4"",""measurement_type"":""q_injection""},{""full_measurement_index"":34,""local_index"":3,""measurement_label"":""Q_inj_7"",""measurement_type"":""q_injection""},{""full_measurement_index"":36,""local_index"":4,""measurement_label"":""Q_inj_9"",""measurement_type"":""q_injection""},{""full_measurement_index"":63,""local_index"":5,""measurement_label"":""Q_1_5"",""measurement_type"":""q_branch_flow""},{""full_measurement_index"":65,""local_index"":6,""measurement_label"":""Q_2_4"",""measurement_type"":""q_branch_flow""},{""full_measurement_index"":79,""local_index"":7,""measurement_label"":""Q_10_11"",""measurement_type"":""q_branch_flow""}]",3388.869415854341,1599.6374255742344,1110467.8144669791,frozen_lambda_ref_times_full_candidate_reference_beta_squared,1332.6864303167151,3998.0592909501456,0.06947163416534002,structural_evaluation,included,completed,completed,False
ieee14_structural_group_04_realization_01_seed_14201_8x8,ieee14_structural_group_04,4,ieee14_voltage_measurement_heavy_v00,voltage_measurement_heavy,ieee14,1,14201,"[8,8]",18,c2c7a1689e7e4d0c013baaabbbe97bce75577f122c8d1182e4e390ae7b69ee2a,"[0,1,2,3,42,48,62,68]","[0,2,3,13,14,15,16,17]","[{""bus_id"":2,""full_state_index"":0,""label"":""theta_2"",""local_index"":0,""state_type"":""angle""},{""bus_id"":4,""full_state_index"":2,""label"":""theta_4"",""local_index"":1,""state_type"":""angle""},{""bus_id"":5,""full_state_index"":3,""label"":""theta_5"",""local_index"":2,""state_type"":""angle""},{""bus_id"":1,""full_state_index"":13,""label"":""V_1"",""local_index"":3,""state_type"":""voltage""},{""bus_id"":2,""full_state_index"":14,""label"":""V_2"",""local_index"":4,""state_type"":""voltage""},{""bus_id"":3,""full_state_index"":15,""label"":""V_3"",""local_index"":5,""state_type"":""voltage""},{""bus_id"":4,""full_state_index"":16,""label"":""V_4"",""local_index"":6,""state_type"":""voltage""},{""bus_id"":5,""full_state_index"":17,""label"":""V_5"",""local_index"":7,""state_type"":""voltage""}]","[{""full_measurement_index"":0,""local_index"":0,""measurement_label"":""V_1"",""measurement_type"":""voltage_magnitude""},{""full_measurement_index"":1,""local_index"":1,""measurement_label"":""V_2"",""measurement_type"":""voltage_magnitude""},{""full_measurement_index"":2,""local_index"":2,""measurement_label"":""V_3"",""measurement_type"":""voltage_magnitude""},{""full_measurement_index"":3,""local_index"":3,""measurement_label"":""V_4"",""measurement_type"":""voltage_magnitude""},{""full_measurement_index"":42,""local_index"":4,""measurement_label"":""P_1_2"",""measurement_type"":""p_branch_flow""},{""full_measurement_index"":48,""local_index"":5,""measurement_label"":""P_4_5"",""measurement_type"":""p_branch_flow""},{""full_measurement_index"":62,""local_index"":6,""measurement_label"":""Q_1_2"",""measurement_type"":""q_branch_flow""},{""full_measurement_index"":68,""local_index"":7,""measurement_label"":""Q_4_5"",""measurement_type"":""q_branch_flow""}]",1.5284269534494954e+17,1690.1056137558187,782258.8527454449,frozen_lambda_ref_times_full_candidate_reference_beta_squared,1118.5366821046048,3355.6100463138146,0.06947163416534002,structural_evaluation,included,completed,completed,False
ieee14_structural_group_04_realization_02_seed_14202_8x8,ieee14_structural_group_04,4,ieee14_voltage_measurement_heavy_v00,voltage_measurement_heavy,ieee14,2,14202,"[8,8]",18,9035916c66a5d3d30294c295d4302de362674e2a762daa80b6ef718291e7a76e,"[0,1,2,3,42,48,62,68]","[0,2,3,13,14,15,16,17]","[{""bus_id"":2,""full_state_index"":0,""label"":""theta_2"",""local_index"":0,""state_type"":""angle""},{""bus_id"":4,""full_state_index"":2,""label"":""theta_4"",""local_index"":1,""state_type"":""angle""},{""bus_id"":5,""full_state_index"":3,""label"":""theta_5"",""local_index"":2,""state_type"":""angle""},{""bus_id"":1,""full_state_index"":13,""label"":""V_1"",""local_index"":3,""state_type"":""voltage""},{""bus_id"":2,""full_state_index"":14,""label"":""V_2"",""local_index"":4,""state_type"":""voltage""},{""bus_id"":3,""full_state_index"":15,""label"":""V_3"",""local_index"":5,""state_type"":""voltage""},{""bus_id"":4,""full_state_index"":16,""label"":""V_4"",""local_index"":6,""state_type"":""voltage""},{""bus_id"":5,""full_state_index"":17,""label"":""V_5"",""local_index"":7,""state_type"":""voltage""}]","[{""full_measurement_index"":0,""local_index"":0,""measurement_label"":""V_1"",""measurement_type"":""voltage_magnitude""},{""full_measurement_index"":1,""local_index"":1,""measurement_label"":""V_2"",""measurement_type"":""voltage_magnitude""},{""full_measurement_index"":2,""local_index"":2,""measurement_label"":""V_3"",""measurement_type"":""voltage_magnitude""},{""full_measurement_index"":3,""local_index"":3,""measurement_label"":""V_4"",""measurement_type"":""voltage_magnitude""},{""full_measurement_index"":42,""local_index"":4,""measurement_label"":""P_1_2"",""measurement_type"":""p_branch_flow""},{""full_measurement_index"":48,""local_index"":5,""measurement_label"":""P_4_5"",""measurement_type"":""p_branch_flow""},{""full_measurement_index"":62,""local_index"":6,""measurement_label"":""Q_1_2"",""measurement_type"":""q_branch_flow""},{""full_measurement_index"":68,""local_index"":7,""measurement_label"":""Q_4_5"",""measurement_type"":""q_branch_flow""}]",1.8631535572180208e+17,1673.4111572786474,770828.8812687009,frozen_lambda_ref_times_full_candidate_reference_beta_squared,1110.3348649697482,3331.0045949092446,0.06947163416534002,structural_evaluation,included,completed,completed,False
ieee30_structural_group_01_realization_01_seed_30201_8x8,ieee30_structural_group_01,1,ieee30_lexicographic_metadata_v03,lexicographic_metadata,ieee30,1,30201,"[8,8]",23,874f5045b2caa8586def81f5c07e02b60c51d4280c8cba7a397f8066e91c0a50,"[98,99,100,101,102,103,129,130]","[4,5,6,7,8,26,34,37]","[{""bus_id"":6,""full_state_index"":4,""label"":""theta_6"",""local_index"":0,""state_type"":""angle""},{""bus_id"":7,""full_state_index"":5,""label"":""theta_7"",""local_index"":1,""state_type"":""angle""},{""bus_id"":8,""full_state_index"":6,""label"":""theta_8"",""local_index"":2,""state_type"":""angle""},{""bus_id"":9,""full_state_index"":7,""label"":""theta_9"",""local_index"":3,""state_type"":""angle""},{""bus_id"":10,""full_state_index"":8,""label"":""theta_10"",""local_index"":4,""state_type"":""angle""},{""bus_id"":28,""full_state_index"":26,""label"":""theta_28"",""local_index"":5,""state_type"":""angle""},{""bus_id"":6,""full_state_index"":34,""label"":""V_6"",""local_index"":6,""state_type"":""voltage""},{""bus_id"":9,""full_state_index"":37,""label"":""V_9"",""local_index"":7,""state_type"":""voltage""}]","[{""full_measurement_index"":98,""local_index"":0,""measurement_label"":""P_6_7"",""measurement_type"":""p_branch_flow""},{""full_measurement_index"":99,""local_index"":1,""measurement_label"":""P_6_8"",""measurement_type"":""p_branch_flow""},{""full_measurement_index"":100,""local_index"":2,""measurement_label"":""P_6_9"",""measurement_type"":""p_branch_flow""},{""full_measurement_index"":101,""local_index"":3,""measurement_label"":""P_6_10"",""measurement_type"":""p_branch_flow""},{""full_measurement_index"":102,""local_index"":4,""measurement_label"":""P_9_11"",""measurement_type"":""p_branch_flow""},{""full_measurement_index"":103,""local_index"":5,""measurement_label"":""P_9_10"",""measurement_type"":""p_branch_flow""},{""full_measurement_index"":129,""local_index"":6,""measurement_label"":""P_8_28"",""measurement_type"":""p_branch_flow""},{""full_measurement_index"":130,""local_index"":7,""measurement_label"":""P_6_28"",""measurement_type"":""p_branch_flow""}]",2082.6260577663766,1890.2361247773265,863009.6471016895,frozen_lambda_ref_times_full_candidate_reference_beta_squared,1174.8510601571866,3524.5531804715597,0.06947163416534002,structural_evaluation,included,completed,completed,False
ieee30_structural_group_01_realization_02_seed_30202_8x8,ieee30_structural_group_01,1,ieee30_lexicographic_metadata_v03,lexicographic_metadata,ieee30,2,30202,"[8,8]",23,afa14864f94e1dc2506edf1f57f9c488765dd1feaf0d4945710a4d62f9091f5d,"[98,99,100,101,102,103,129,130]","[4,5,6,7,8,26,34,37]","[{""bus_id"":6,""full_state_index"":4,""label"":""theta_6"",""local_index"":0,""state_type"":""angle""},{""bus_id"":7,""full_state_index"":5,""label"":""theta_7"",""local_index"":1,""state_type"":""angle""},{""bus_id"":8,""full_state_index"":6,""label"":""theta_8"",""local_index"":2,""state_type"":""angle""},{""bus_id"":9,""full_state_index"":7,""label"":""theta_9"",""local_index"":3,""state_type"":""angle""},{""bus_id"":10,""full_state_index"":8,""label"":""theta_10"",""local_index"":4,""state_type"":""angle""},{""bus_id"":28,""full_state_index"":26,""label"":""theta_28"",""local_index"":5,""state_type"":""angle""},{""bus_id"":6,""full_state_index"":34,""label"":""V_6"",""local_index"":6,""state_type"":""voltage""},{""bus_id"":9,""full_state_index"":37,""label"":""V_9"",""local_index"":7,""state_type"":""voltage""}]","[{""full_measurement_index"":98,""local_index"":0,""measurement_label"":""P_6_7"",""measurement_type"":""p_branch_flow""},{""full_measurement_index"":99,""local_index"":1,""measurement_label"":""P_6_8"",""measurement_type"":""p_branch_flow""},{""full_measurement_index"":100,""local_index"":2,""measurement_label"":""P_6_9"",""measurement_type"":""p_branch_flow""},{""full_measurement_index"":101,""local_index"":3,""measurement_label"":""P_6_10"",""measurement_type"":""p_branch_flow""},{""full_measurement_index"":102,""local_index"":4,""measurement_label"":""P_9_11"",""measurement_type"":""p_branch_flow""},{""full_measurement_index"":103,""local_index"":5,""measurement_label"":""P_9_10"",""measurement_type"":""p_branch_flow""},{""full_measurement_index"":129,""local_index"":6,""measurement_label"":""P_8_28"",""measurement_type"":""p_branch_flow""},{""full_measurement_index"":130,""local_index"":7,""measurement_label"":""P_6_28"",""measurement_type"":""p_branch_flow""}]",3142.2093949865443,1889.5624884075396,870432.5992449255,frozen_lambda_ref_times_full_candidate_reference_beta_squared,1179.892829321608,3539.678487964824,0.06947163416534002,structural_evaluation,included,completed,completed,False
ieee30_structural_group_02_realization_01_seed_30201_8x8,ieee30_structural_group_02,2,ieee30_voltage_dominant_v01,voltage_dominant,ieee30,1,30201,"[8,8]",30,b671b8863e0142383abe0068684534071bf2fe93ef85a8e0ef1bda9fe54cc005,"[31,33,35,60,61,62,63,65]","[29,30,31,32,36,38,40,56]","[{""bus_id"":1,""full_state_index"":29,""label"":""V_1"",""local_index"":0,""state_type"":""voltage""},{""bus_id"":2,""full_state_index"":30,""label"":""V_2"",""local_index"":1,""state_type"":""voltage""},{""bus_id"":3,""full_state_index"":31,""label"":""V_3"",""local_index"":2,""state_type"":""voltage""},{""bus_id"":4,""full_state_index"":32,""label"":""V_4"",""local_index"":3,""state_type"":""voltage""},{""bus_id"":8,""full_state_index"":36,""label"":""V_8"",""local_index"":4,""state_type"":""voltage""},{""bus_id"":10,""full_state_index"":38,""label"":""V_10"",""local_index"":5,""state_type"":""voltage""},{""bus_id"":12,""full_state_index"":40,""label"":""V_12"",""local_index"":6,""state_type"":""voltage""},{""bus_id"":28,""full_state_index"":56,""label"":""V_28"",""local_index"":7,""state_type"":""voltage""}]","[{""full_measurement_index"":31,""local_index"":0,""measurement_label"":""P_inj_2"",""measurement_type"":""p_injection""},{""full_measurement_index"":33,""local_index"":1,""measurement_label"":""P_inj_4"",""measurement_type"":""p_injection""},{""full_measurement_index"":35,""local_index"":2,""measurement_label"":""P_inj_6"",""measurement_type"":""p_injection""},{""full_measurement_index"":60,""local_index"":3,""measurement_label"":""Q_inj_1"",""measurement_type"":""q_injection""},{""full_measurement_index"":61,""local_index"":4,""measurement_label"":""Q_inj_2"",""measurement_type"":""q_injection""},{""full_measurement_index"":62,""local_index"":5,""measurement_label"":""Q_inj_3"",""measurement_type"":""q_injection""},{""full_measurement_index"":63,""local_index"":6,""measurement_label"":""Q_inj_4"",""measurement_type"":""q_injection""},{""full_measurement_index"":65,""local_index"":7,""measurement_label"":""Q_inj_6"",""measurement_type"":""q_injection""}]",5.3579028698410944e+17,2532.2475114892013,2250000.1442597494,frozen_lambda_ref_times_full_candidate_reference_beta_squared,1896.9953261008043,5690.985978302413,0.06947163416534002,structural_evaluation,included,completed,completed,False
ieee30_structural_group_02_realization_02_seed_30202_8x8,ieee30_structural_group_02,2,ieee30_voltage_dominant_v01,voltage_dominant,ieee30,2,30202,"[8,8]",30,3e91a757c2abd874088039c8f10f3c7f8cc99de4144aa914e61a88b14d9d94f9,"[31,33,35,60,61,62,63,65]","[29,30,31,32,36,38,40,56]","[{""bus_id"":1,""full_state_index"":29,""label"":""V_1"",""local_index"":0,""state_type"":""voltage""},{""bus_id"":2,""full_state_index"":30,""label"":""V_2"",""local_index"":1,""state_type"":""voltage""},{""bus_id"":3,""full_state_index"":31,""label"":""V_3"",""local_index"":2,""state_type"":""voltage""},{""bus_id"":4,""full_state_index"":32,""label"":""V_4"",""local_index"":3,""state_type"":""voltage""},{""bus_id"":8,""full_state_index"":36,""label"":""V_8"",""local_index"":4,""state_type"":""voltage""},{""bus_id"":10,""full_state_index"":38,""label"":""V_10"",""local_index"":5,""state_type"":""voltage""},{""bus_id"":12,""full_state_index"":40,""label"":""V_12"",""local_index"":6,""state_type"":""voltage""},{""bus_id"":28,""full_state_index"":56,""label"":""V_28"",""local_index"":7,""state_type"":""voltage""}]","[{""full_measurement_index"":31,""local_index"":0,""measurement_label"":""P_inj_2"",""measurement_type"":""p_injection""},{""full_measurement_index"":33,""local_index"":1,""measurement_label"":""P_inj_4"",""measurement_type"":""p_injection""},{""full_measurement_index"":35,""local_index"":2,""measurement_label"":""P_inj_6"",""measurement_type"":""p_injection""},{""full_measurement_index"":60,""local_index"":3,""measurement_label"":""Q_inj_1"",""measurement_type"":""q_injection""},{""full_measurement_index"":61,""local_index"":4,""measurement_label"":""Q_inj_2"",""measurement_type"":""q_injection""},{""full_measurement_index"":62,""local_index"":5,""measurement_label"":""Q_inj_3"",""measurement_type"":""q_injection""},{""full_measurement_index"":63,""local_index"":6,""measurement_label"":""Q_inj_4"",""measurement_type"":""q_injection""},{""full_measurement_index"":65,""local_index"":7,""measurement_label"":""Q_inj_6"",""measurement_type"":""q_injection""}]",4.056392279234842e+17,2527.6369532487147,2215204.4851609827,frozen_lambda_ref_times_full_candidate_reference_beta_squared,1882.2699067722501,5646.809720316751,0.06947163416534002,structural_evaluation,included,completed,completed,False
ieee30_structural_group_03_realization_01_seed_30201_8x8,ieee30_structural_group_03,3,ieee30_voltage_measurement_heavy_v03,voltage_measurement_heavy,ieee30,1,30201,"[8,8]",17,d00a776822c6b21c9aeb0c4db929405d22751dac3e0163c4d891d03c57ad78db,"[9,10,11,12,69,90,115,156]","[0,8,15,38,39,40,41,45]","[{""bus_id"":2,""full_state_index"":0,""label"":""theta_2"",""local_index"":0,""state_type"":""angle""},{""bus_id"":10,""full_state_index"":8,""label"":""theta_10"",""local_index"":1,""state_type"":""angle""},{""bus_id"":17,""full_state_index"":15,""label"":""theta_17"",""local_index"":2,""state_type"":""angle""},{""bus_id"":10,""full_state_index"":38,""label"":""V_10"",""local_index"":3,""state_type"":""voltage""},{""bus_id"":11,""full_state_index"":39,""label"":""V_11"",""local_index"":4,""state_type"":""voltage""},{""bus_id"":12,""full_state_index"":40,""label"":""V_12"",""local_index"":5,""state_type"":""voltage""},{""bus_id"":13,""full_state_index"":41,""label"":""V_13"",""local_index"":6,""state_type"":""voltage""},{""bus_id"":17,""full_state_index"":45,""label"":""V_17"",""local_index"":7,""state_type"":""voltage""}]","[{""full_measurement_index"":9,""local_index"":0,""measurement_label"":""V_10"",""measurement_type"":""voltage_magnitude""},{""full_measurement_index"":10,""local_index"":1,""measurement_label"":""V_11"",""measurement_type"":""voltage_magnitude""},{""full_measurement_index"":11,""local_index"":2,""measurement_label"":""V_12"",""measurement_type"":""voltage_magnitude""},{""full_measurement_index"":12,""local_index"":3,""measurement_label"":""V_13"",""measurement_type"":""voltage_magnitude""},{""full_measurement_index"":69,""local_index"":4,""measurement_label"":""Q_inj_10"",""measurement_type"":""q_injection""},{""full_measurement_index"":90,""local_index"":5,""measurement_label"":""P_1_2"",""measurement_type"":""p_branch_flow""},{""full_measurement_index"":115,""local_index"":6,""measurement_label"":""P_10_17"",""measurement_type"":""p_branch_flow""},{""full_measurement_index"":156,""local_index"":7,""measurement_label"":""Q_10_17"",""measurement_type"":""q_branch_flow""}]",87.24317904150068,1750.9384679962054,1337716.9549371991,frozen_lambda_ref_times_full_candidate_reference_beta_squared,1462.7062047895095,4388.118614368528,0.06947163416534002,structural_evaluation,included,completed,completed,False
ieee30_structural_group_03_realization_02_seed_30202_8x8,ieee30_structural_group_03,3,ieee30_voltage_measurement_heavy_v03,voltage_measurement_heavy,ieee30,2,30202,"[8,8]",17,fdff4abc28d1cc73c5413568236cd8a8b11aa82731e1e31283ee3e85684235df,"[9,10,11,12,69,90,115,156]","[0,8,15,38,39,40,41,45]","[{""bus_id"":2,""full_state_index"":0,""label"":""theta_2"",""local_index"":0,""state_type"":""angle""},{""bus_id"":10,""full_state_index"":8,""label"":""theta_10"",""local_index"":1,""state_type"":""angle""},{""bus_id"":17,""full_state_index"":15,""label"":""theta_17"",""local_index"":2,""state_type"":""angle""},{""bus_id"":10,""full_state_index"":38,""label"":""V_10"",""local_index"":3,""state_type"":""voltage""},{""bus_id"":11,""full_state_index"":39,""label"":""V_11"",""local_index"":4,""state_type"":""voltage""},{""bus_id"":12,""full_state_index"":40,""label"":""V_12"",""local_index"":5,""state_type"":""voltage""},{""bus_id"":13,""full_state_index"":41,""label"":""V_13"",""local_index"":6,""state_type"":""voltage""},{""bus_id"":17,""full_state_index"":45,""label"":""V_17"",""local_index"":7,""state_type"":""voltage""}]","[{""full_measurement_index"":9,""local_index"":0,""measurement_label"":""V_10"",""measurement_type"":""voltage_magnitude""},{""full_measurement_index"":10,""local_index"":1,""measurement_label"":""V_11"",""measurement_type"":""voltage_magnitude""},{""full_measurement_index"":11,""local_index"":2,""measurement_label"":""V_12"",""measurement_type"":""voltage_magnitude""},{""full_measurement_index"":12,""local_index"":3,""measurement_label"":""V_13"",""measurement_type"":""voltage_magnitude""},{""full_measurement_index"":69,""local_index"":4,""measurement_label"":""Q_inj_10"",""measurement_type"":""q_injection""},{""full_measurement_index"":90,""local_index"":5,""measurement_label"":""P_1_2"",""measurement_type"":""p_branch_flow""},{""full_measurement_index"":115,""local_index"":6,""measurement_label"":""P_10_17"",""measurement_type"":""p_branch_flow""},{""full_measurement_index"":156,""local_index"":7,""measurement_label"":""Q_10_17"",""measurement_type"":""q_branch_flow""}]",88.78500942172323,1738.4518955233414,1322950.2051031548,frozen_lambda_ref_times_full_candidate_reference_beta_squared,1454.6105625982696,4363.831687794809,0.06947163416534002,structural_evaluation,included,completed,completed,False
ieee30_structural_group_04_realization_01_seed_30201_8x8,ieee30_structural_group_04,4,ieee30_angle_dominant_v03,angle_dominant,ieee30,1,30201,"[8,8]",18,d8e89b859b9c4fb6d7428cf57d544916684bef38a6d269d180a96f8d51e47813,"[36,39,41,44,48,49,69,113]","[3,5,7,10,13,15,17,18]","[{""bus_id"":5,""full_state_index"":3,""label"":""theta_5"",""local_index"":0,""state_type"":""angle""},{""bus_id"":7,""full_state_index"":5,""label"":""theta_7"",""local_index"":1,""state_type"":""angle""},{""bus_id"":9,""full_state_index"":7,""label"":""theta_9"",""local_index"":2,""state_type"":""angle""},{""bus_id"":12,""full_state_index"":10,""label"":""theta_12"",""local_index"":3,""state_type"":""angle""},{""bus_id"":15,""full_state_index"":13,""label"":""theta_15"",""local_index"":4,""state_type"":""angle""},{""bus_id"":17,""full_state_index"":15,""label"":""theta_17"",""local_index"":5,""state_type"":""angle""},{""bus_id"":19,""full_state_index"":17,""label"":""theta_19"",""local_index"":6,""state_type"":""angle""},{""bus_id"":20,""full_state_index"":18,""label"":""theta_20"",""local_index"":7,""state_type"":""angle""}]","[{""full_measurement_index"":36,""local_index"":0,""measurement_label"":""P_inj_7"",""measurement_type"":""p_injection""},{""full_measurement_index"":39,""local_index"":1,""measurement_label"":""P_inj_10"",""measurement_type"":""p_injection""},{""full_measurement_index"":41,""local_index"":2,""measurement_label"":""P_inj_12"",""measurement_type"":""p_injection""},{""full_measurement_index"":44,""local_index"":3,""measurement_label"":""P_inj_15"",""measurement_type"":""p_injection""},{""full_measurement_index"":48,""local_index"":4,""measurement_label"":""P_inj_19"",""measurement_type"":""p_injection""},{""full_measurement_index"":49,""local_index"":5,""measurement_label"":""P_inj_20"",""measurement_type"":""p_injection""},{""full_measurement_index"":69,""local_index"":6,""measurement_label"":""Q_inj_10"",""measurement_type"":""q_injection""},{""full_measurement_index"":113,""local_index"":7,""measurement_label"":""P_19_20"",""measurement_type"":""p_branch_flow""}]",,1299.8802965998254,410007.21345479676,frozen_lambda_ref_times_full_candidate_reference_beta_squared,809.7868809475513,2429.3606428426538,0.06947163416534002,structural_evaluation,included,completed,completed,False
ieee30_structural_group_04_realization_02_seed_30202_8x8,ieee30_structural_group_04,4,ieee30_angle_dominant_v03,angle_dominant,ieee30,2,30202,"[8,8]",18,d3f24aa1c25f6a51fb9401ec88305a8ece6db70333cf43727fd4b44271cec92b,"[36,39,41,44,48,49,69,113]","[3,5,7,10,13,15,17,18]","[{""bus_id"":5,""full_state_index"":3,""label"":""theta_5"",""local_index"":0,""state_type"":""angle""},{""bus_id"":7,""full_state_index"":5,""label"":""theta_7"",""local_index"":1,""state_type"":""angle""},{""bus_id"":9,""full_state_index"":7,""label"":""theta_9"",""local_index"":2,""state_type"":""angle""},{""bus_id"":12,""full_state_index"":10,""label"":""theta_12"",""local_index"":3,""state_type"":""angle""},{""bus_id"":15,""full_state_index"":13,""label"":""theta_15"",""local_index"":4,""state_type"":""angle""},{""bus_id"":17,""full_state_index"":15,""label"":""theta_17"",""local_index"":5,""state_type"":""angle""},{""bus_id"":19,""full_state_index"":17,""label"":""theta_19"",""local_index"":6,""state_type"":""angle""},{""bus_id"":20,""full_state_index"":18,""label"":""theta_20"",""local_index"":7,""state_type"":""angle""}]","[{""full_measurement_index"":36,""local_index"":0,""measurement_label"":""P_inj_7"",""measurement_type"":""p_injection""},{""full_measurement_index"":39,""local_index"":1,""measurement_label"":""P_inj_10"",""measurement_type"":""p_injection""},{""full_measurement_index"":41,""local_index"":2,""measurement_label"":""P_inj_12"",""measurement_type"":""p_injection""},{""full_measurement_index"":44,""local_index"":3,""measurement_label"":""P_inj_15"",""measurement_type"":""p_injection""},{""full_measurement_index"":48,""local_index"":4,""measurement_label"":""P_inj_19"",""measurement_type"":""p_injection""},{""full_measurement_index"":49,""local_index"":5,""measurement_label"":""P_inj_20"",""measurement_type"":""p_injection""},{""full_measurement_index"":69,""local_index"":6,""measurement_label"":""Q_inj_10"",""measurement_type"":""q_injection""},{""full_measurement_index"":113,""local_index"":7,""measurement_label"":""P_19_20"",""measurement_type"":""p_branch_flow""}]",,1298.92677394904,418208.05269917543,frozen_lambda_ref_times_full_candidate_reference_beta_squared,817.8453398602413,2453.536019580724,0.06947163416534002,structural_evaluation,included,completed,completed,False
ieee57_structural_group_01_realization_01_seed_57201_8x8,ieee57_structural_group_01,1,ieee57_lexicographic_metadata_v03,lexicographic_metadata,ieee57,1,57201,"[8,8]",14,c022f523930dcbed9a21237f81436847f38350b7ec68a12e907f967f61a2ca73,"[172,213,214,215,216,217,218,219]","[1,28,29,30,31,32,33,34]","[{""bus_id"":3,""full_state_index"":1,""label"":""theta_3"",""local_index"":0,""state_type"":""angle""},{""bus_id"":30,""full_state_index"":28,""label"":""theta_30"",""local_index"":1,""state_type"":""angle""},{""bus_id"":31,""full_state_index"":29,""label"":""theta_31"",""local_index"":2,""state_type"":""angle""},{""bus_id"":32,""full_state_index"":30,""label"":""theta_32"",""local_index"":3,""state_type"":""angle""},{""bus_id"":33,""full_state_index"":31,""label"":""theta_33"",""local_index"":4,""state_type"":""angle""},{""bus_id"":34,""full_state_index"":32,""label"":""theta_34"",""local_index"":5,""state_type"":""angle""},{""bus_id"":35,""full_state_index"":33,""label"":""theta_35"",""local_index"":6,""state_type"":""angle""},{""bus_id"":36,""full_state_index"":34,""label"":""theta_36"",""local_index"":7,""state_type"":""angle""}]","[{""full_measurement_index"":172,""local_index"":0,""measurement_label"":""P_2_3"",""measurement_type"":""p_branch_flow""},{""full_measurement_index"":213,""local_index"":1,""measurement_label"":""P_30_31"",""measurement_type"":""p_branch_flow""},{""full_measurement_index"":214,""local_index"":2,""measurement_label"":""P_31_32"",""measurement_type"":""p_branch_flow""},{""full_measurement_index"":215,""local_index"":3,""measurement_label"":""P_32_33"",""measurement_type"":""p_branch_flow""},{""full_measurement_index"":216,""local_index"":4,""measurement_label"":""P_34_32"",""measurement_type"":""p_branch_flow""},{""full_measurement_index"":217,""local_index"":5,""measurement_label"":""P_34_35"",""measurement_type"":""p_branch_flow""},{""full_measurement_index"":218,""local_index"":6,""measurement_label"":""P_35_36"",""measurement_type"":""p_branch_flow""},{""full_measurement_index"":219,""local_index"":7,""measurement_label"":""P_36_37"",""measurement_type"":""p_branch_flow""}]",52.83178864493187,1029.1421000982446,398205.33505576634,frozen_lambda_ref_times_full_candidate_reference_beta_squared,798.0471023211968,2394.1413069635905,0.06947163416534002,structural_evaluation,included,completed,completed,False
ieee57_structural_group_01_realization_02_seed_57202_8x8,ieee57_structural_group_01,1,ieee57_lexicographic_metadata_v03,lexicographic_metadata,ieee57,2,57202,"[8,8]",14,5a82b613926e5d1ddf28836401c3752d576d03322f26bbe61f6987dd614e85d7,"[172,213,214,215,216,217,218,219]","[1,28,29,30,31,32,33,34]","[{""bus_id"":3,""full_state_index"":1,""label"":""theta_3"",""local_index"":0,""state_type"":""angle""},{""bus_id"":30,""full_state_index"":28,""label"":""theta_30"",""local_index"":1,""state_type"":""angle""},{""bus_id"":31,""full_state_index"":29,""label"":""theta_31"",""local_index"":2,""state_type"":""angle""},{""bus_id"":32,""full_state_index"":30,""label"":""theta_32"",""local_index"":3,""state_type"":""angle""},{""bus_id"":33,""full_state_index"":31,""label"":""theta_33"",""local_index"":4,""state_type"":""angle""},{""bus_id"":34,""full_state_index"":32,""label"":""theta_34"",""local_index"":5,""state_type"":""angle""},{""bus_id"":35,""full_state_index"":33,""label"":""theta_35"",""local_index"":6,""state_type"":""angle""},{""bus_id"":36,""full_state_index"":34,""label"":""theta_36"",""local_index"":7,""state_type"":""angle""}]","[{""full_measurement_index"":172,""local_index"":0,""measurement_label"":""P_2_3"",""measurement_type"":""p_branch_flow""},{""full_measurement_index"":213,""local_index"":1,""measurement_label"":""P_30_31"",""measurement_type"":""p_branch_flow""},{""full_measurement_index"":214,""local_index"":2,""measurement_label"":""P_31_32"",""measurement_type"":""p_branch_flow""},{""full_measurement_index"":215,""local_index"":3,""measurement_label"":""P_32_33"",""measurement_type"":""p_branch_flow""},{""full_measurement_index"":216,""local_index"":4,""measurement_label"":""P_34_32"",""measurement_type"":""p_branch_flow""},{""full_measurement_index"":217,""local_index"":5,""measurement_label"":""P_34_35"",""measurement_type"":""p_branch_flow""},{""full_measurement_index"":218,""local_index"":6,""measurement_label"":""P_35_36"",""measurement_type"":""p_branch_flow""},{""full_measurement_index"":219,""local_index"":7,""measurement_label"":""P_36_37"",""measurement_type"":""p_branch_flow""}]",52.629483735292474,1022.6147165278029,387192.3932188844,frozen_lambda_ref_times_full_candidate_reference_beta_squared,786.9341566830042,2360.8024700490123,0.06947163416534002,structural_evaluation,included,completed,completed,False
ieee57_structural_group_02_realization_01_seed_57201_8x8,ieee57_structural_group_02,2,ieee57_voltage_dominant_v00,voltage_dominant,ieee57,1,57201,"[8,8]",24,ac8544c7da5a6b6f8574c954239df6d3526047c2f9f37f3644a2accb7a8f4e7b,"[71,78,94,104,128,135,151,161]","[56,68,70,77,78,93,102,103]","[{""bus_id"":1,""full_state_index"":56,""label"":""V_1"",""local_index"":0,""state_type"":""voltage""},{""bus_id"":13,""full_state_index"":68,""label"":""V_13"",""local_index"":1,""state_type"":""voltage""},{""bus_id"":15,""full_state_index"":70,""label"":""V_15"",""local_index"":2,""state_type"":""voltage""},{""bus_id"":22,""full_state_index"":77,""label"":""V_22"",""local_index"":3,""state_type"":""voltage""},{""bus_id"":23,""full_state_index"":78,""label"":""V_23"",""local_index"":4,""state_type"":""voltage""},{""bus_id"":38,""full_state_index"":93,""label"":""V_38"",""local_index"":5,""state_type"":""voltage""},{""bus_id"":47,""full_state_index"":102,""label"":""V_47"",""local_index"":6,""state_type"":""voltage""},{""bus_id"":48,""full_state_index"":103,""label"":""V_48"",""local_index"":7,""state_type"":""voltage""}]","[{""full_measurement_index"":71,""local_index"":0,""measurement_label"":""P_inj_15"",""measurement_type"":""p_injection""},{""full_measurement_index"":78,""local_index"":1,""measurement_label"":""P_inj_22"",""measurement_type"":""p_injection""},{""full_measurement_index"":94,""local_index"":2,""measurement_label"":""P_inj_38"",""measurement_type"":""p_injection""},{""full_measurement_index"":104,""local_index"":3,""measurement_label"":""P_inj_48"",""measurement_type"":""p_injection""},{""full_measurement_index"":128,""local_index"":4,""measurement_label"":""Q_inj_15"",""measurement_type"":""q_injection""},{""full_measurement_index"":135,""local_index"":5,""measurement_label"":""Q_inj_22"",""measurement_type"":""q_injection""},{""full_measurement_index"":151,""local_index"":6,""measurement_label"":""Q_inj_38"",""measurement_type"":""q_injection""},{""full_measurement_index"":161,""local_index"":7,""measurement_label"":""Q_inj_48"",""measurement_type"":""q_injection""}]",,4141.372691983371,4114141.874822368,frozen_lambda_ref_times_full_candidate_reference_beta_squared,2565.160950005095,7695.482850015285,0.06947163416534002,structural_evaluation,included,completed,completed,False
ieee57_structural_group_02_realization_02_seed_57202_8x8,ieee57_structural_group_02,2,ieee57_voltage_dominant_v00,voltage_dominant,ieee57,2,57202,"[8,8]",24,01ea0340762b376038d65fc2897f8b2a93d5804ec6dd4ffacb0f2a26e3626612,"[71,78,94,104,128,135,151,161]","[56,68,70,77,78,93,102,103]","[{""bus_id"":1,""full_state_index"":56,""label"":""V_1"",""local_index"":0,""state_type"":""voltage""},{""bus_id"":13,""full_state_index"":68,""label"":""V_13"",""local_index"":1,""state_type"":""voltage""},{""bus_id"":15,""full_state_index"":70,""label"":""V_15"",""local_index"":2,""state_type"":""voltage""},{""bus_id"":22,""full_state_index"":77,""label"":""V_22"",""local_index"":3,""state_type"":""voltage""},{""bus_id"":23,""full_state_index"":78,""label"":""V_23"",""local_index"":4,""state_type"":""voltage""},{""bus_id"":38,""full_state_index"":93,""label"":""V_38"",""local_index"":5,""state_type"":""voltage""},{""bus_id"":47,""full_state_index"":102,""label"":""V_47"",""local_index"":6,""state_type"":""voltage""},{""bus_id"":48,""full_state_index"":103,""label"":""V_48"",""local_index"":7,""state_type"":""voltage""}]","[{""full_measurement_index"":71,""local_index"":0,""measurement_label"":""P_inj_15"",""measurement_type"":""p_injection""},{""full_measurement_index"":78,""local_index"":1,""measurement_label"":""P_inj_22"",""measurement_type"":""p_injection""},{""full_measurement_index"":94,""local_index"":2,""measurement_label"":""P_inj_38"",""measurement_type"":""p_injection""},{""full_measurement_index"":104,""local_index"":3,""measurement_label"":""P_inj_48"",""measurement_type"":""p_injection""},{""full_measurement_index"":128,""local_index"":4,""measurement_label"":""Q_inj_15"",""measurement_type"":""q_injection""},{""full_measurement_index"":135,""local_index"":5,""measurement_label"":""Q_inj_22"",""measurement_type"":""q_injection""},{""full_measurement_index"":151,""local_index"":6,""measurement_label"":""Q_inj_38"",""measurement_type"":""q_injection""},{""full_measurement_index"":161,""local_index"":7,""measurement_label"":""Q_inj_48"",""measurement_type"":""q_injection""}]",,4113.51914770751,4099220.5831535915,frozen_lambda_ref_times_full_candidate_reference_beta_squared,2560.505023733251,7681.515071199754,0.06947163416534002,structural_evaluation,included,completed,completed,False
ieee57_structural_group_03_realization_01_seed_57201_8x8,ieee57_structural_group_03,3,ieee57_branch_flow_heavy_v00,branch_flow_heavy,ieee57,1,57201,"[8,8]",20,24f1fce079f96dd5ceff40a3b684a1885c36fc0e1c7f5d4e0ffcb6f414365c95,"[171,203,223,231,251,283,303,311]","[0,20,21,46,56,57,77,78]","[{""bus_id"":2,""full_state_index"":0,""label"":""theta_2"",""local_index"":0,""state_type"":""angle""},{""bus_id"":22,""full_state_index"":20,""label"":""theta_22"",""local_index"":1,""state_type"":""angle""},{""bus_id"":23,""full_state_index"":21,""label"":""theta_23"",""local_index"":2,""state_type"":""angle""},{""bus_id"":48,""full_state_index"":46,""label"":""theta_48"",""local_index"":3,""state_type"":""angle""},{""bus_id"":1,""full_state_index"":56,""label"":""V_1"",""local_index"":4,""state_type"":""voltage""},{""bus_id"":2,""full_state_index"":57,""label"":""V_2"",""local_index"":5,""state_type"":""voltage""},{""bus_id"":22,""full_state_index"":77,""label"":""V_22"",""local_index"":6,""state_type"":""voltage""},{""bus_id"":23,""full_state_index"":78,""label"":""V_23"",""local_index"":7,""state_type"":""voltage""}]","[{""full_measurement_index"":171,""local_index"":0,""measurement_label"":""P_1_2"",""measurement_type"":""p_branch_flow""},{""full_measurement_index"":203,""local_index"":1,""measurement_label"":""P_22_23"",""measurement_type"":""p_branch_flow""},{""full_measurement_index"":223,""local_index"":2,""measurement_label"":""P_22_38"",""measurement_type"":""p_branch_flow""},{""full_measurement_index"":231,""local_index"":3,""measurement_label"":""P_47_48"",""measurement_type"":""p_branch_flow""},{""full_measurement_index"":251,""local_index"":4,""measurement_label"":""Q_1_2"",""measurement_type"":""q_branch_flow""},{""full_measurement_index"":283,""local_index"":5,""measurement_label"":""Q_22_23"",""measurement_type"":""q_branch_flow""},{""full_measurement_index"":303,""local_index"":6,""measurement_label"":""Q_22_38"",""measurement_type"":""q_branch_flow""},{""full_measurement_index"":311,""local_index"":7,""measurement_label"":""Q_47_48"",""measurement_type"":""q_branch_flow""}]",6.276850603966535e+32,4116.184506398516,3472671.8034755834,frozen_lambda_ref_times_full_candidate_reference_beta_squared,2356.713872678887,7070.141618036661,0.06947163416534002,structural_evaluation,included,completed,completed,False
ieee57_structural_group_03_realization_02_seed_57202_8x8,ieee57_structural_group_03,3,ieee57_branch_flow_heavy_v00,branch_flow_heavy,ieee57,2,57202,"[8,8]",20,ca97e77c290d39179e5ed2743cd4e5f4de49bcc20cae917cbce020aef56ab158,"[171,203,223,231,251,283,303,311]","[0,20,21,46,56,57,77,78]","[{""bus_id"":2,""full_state_index"":0,""label"":""theta_2"",""local_index"":0,""state_type"":""angle""},{""bus_id"":22,""full_state_index"":20,""label"":""theta_22"",""local_index"":1,""state_type"":""angle""},{""bus_id"":23,""full_state_index"":21,""label"":""theta_23"",""local_index"":2,""state_type"":""angle""},{""bus_id"":48,""full_state_index"":46,""label"":""theta_48"",""local_index"":3,""state_type"":""angle""},{""bus_id"":1,""full_state_index"":56,""label"":""V_1"",""local_index"":4,""state_type"":""voltage""},{""bus_id"":2,""full_state_index"":57,""label"":""V_2"",""local_index"":5,""state_type"":""voltage""},{""bus_id"":22,""full_state_index"":77,""label"":""V_22"",""local_index"":6,""state_type"":""voltage""},{""bus_id"":23,""full_state_index"":78,""label"":""V_23"",""local_index"":7,""state_type"":""voltage""}]","[{""full_measurement_index"":171,""local_index"":0,""measurement_label"":""P_1_2"",""measurement_type"":""p_branch_flow""},{""full_measurement_index"":203,""local_index"":1,""measurement_label"":""P_22_23"",""measurement_type"":""p_branch_flow""},{""full_measurement_index"":223,""local_index"":2,""measurement_label"":""P_22_38"",""measurement_type"":""p_branch_flow""},{""full_measurement_index"":231,""local_index"":3,""measurement_label"":""P_47_48"",""measurement_type"":""p_branch_flow""},{""full_measurement_index"":251,""local_index"":4,""measurement_label"":""Q_1_2"",""measurement_type"":""q_branch_flow""},{""full_measurement_index"":283,""local_index"":5,""measurement_label"":""Q_22_23"",""measurement_type"":""q_branch_flow""},{""full_measurement_index"":303,""local_index"":6,""measurement_label"":""Q_22_38"",""measurement_type"":""q_branch_flow""},{""full_measurement_index"":311,""local_index"":7,""measurement_label"":""Q_47_48"",""measurement_type"":""q_branch_flow""}]",6.444285082055685e+33,4111.693534215996,3433673.2607222567,frozen_lambda_ref_times_full_candidate_reference_beta_squared,2343.443413098097,7030.3302392942915,0.06947163416534002,structural_evaluation,included,completed,completed,False
ieee57_structural_group_04_realization_01_seed_57201_8x8,ieee57_structural_group_04,4,ieee57_voltage_measurement_heavy_v02,voltage_measurement_heavy,ieee57,1,57201,"[8,8]",12,02337da17aa0e3ec2e8adcc5cd6f46b21d50b1a1ff6a03bb5299bfc470638c52,"[6,7,8,9,183,221,263,301]","[62,63,64,65,68,69,92,94]","[{""bus_id"":7,""full_state_index"":62,""label"":""V_7"",""local_index"":0,""state_type"":""voltage""},{""bus_id"":8,""full_state_index"":63,""label"":""V_8"",""local_index"":1,""state_type"":""voltage""},{""bus_id"":9,""full_state_index"":64,""label"":""V_9"",""local_index"":2,""state_type"":""voltage""},{""bus_id"":10,""full_state_index"":65,""label"":""V_10"",""local_index"":3,""state_type"":""voltage""},{""bus_id"":13,""full_state_index"":68,""label"":""V_13"",""local_index"":4,""state_type"":""voltage""},{""bus_id"":14,""full_state_index"":69,""label"":""V_14"",""local_index"":5,""state_type"":""voltage""},{""bus_id"":37,""full_state_index"":92,""label"":""V_37"",""local_index"":6,""state_type"":""voltage""},{""bus_id"":39,""full_state_index"":94,""label"":""V_39"",""local_index"":7,""state_type"":""voltage""}]","[{""full_measurement_index"":6,""local_index"":0,""measurement_label"":""V_7"",""measurement_type"":""voltage_magnitude""},{""full_measurement_index"":7,""local_index"":1,""measurement_label"":""V_8"",""measurement_type"":""voltage_magnitude""},{""full_measurement_index"":8,""local_index"":2,""measurement_label"":""V_9"",""measurement_type"":""voltage_magnitude""},{""full_measurement_index"":9,""local_index"":3,""measurement_label"":""V_10"",""measurement_type"":""voltage_magnitude""},{""full_measurement_index"":183,""local_index"":4,""measurement_label"":""P_13_14"",""measurement_type"":""p_branch_flow""},{""full_measurement_index"":221,""local_index"":5,""measurement_label"":""P_37_39"",""measurement_type"":""p_branch_flow""},{""full_measurement_index"":263,""local_index"":6,""measurement_label"":""Q_13_14"",""measurement_type"":""q_branch_flow""},{""full_measurement_index"":301,""local_index"":7,""measurement_label"":""Q_37_39"",""measurement_type"":""q_branch_flow""}]",275.18362513502865,1570.057926806782,685491.6499716499,frozen_lambda_ref_times_full_candidate_reference_beta_squared,1047.0708576679494,3141.2125730038483,0.06947163416534002,structural_evaluation,included,completed,completed,False
ieee57_structural_group_04_realization_02_seed_57202_8x8,ieee57_structural_group_04,4,ieee57_voltage_measurement_heavy_v02,voltage_measurement_heavy,ieee57,2,57202,"[8,8]",12,9b805022e23e3e796f6c9fb3d9297f2f4f308745bc9c94ef85789132ee7cd493,"[6,7,8,9,183,221,263,301]","[62,63,64,65,68,69,92,94]","[{""bus_id"":7,""full_state_index"":62,""label"":""V_7"",""local_index"":0,""state_type"":""voltage""},{""bus_id"":8,""full_state_index"":63,""label"":""V_8"",""local_index"":1,""state_type"":""voltage""},{""bus_id"":9,""full_state_index"":64,""label"":""V_9"",""local_index"":2,""state_type"":""voltage""},{""bus_id"":10,""full_state_index"":65,""label"":""V_10"",""local_index"":3,""state_type"":""voltage""},{""bus_id"":13,""full_state_index"":68,""label"":""V_13"",""local_index"":4,""state_type"":""voltage""},{""bus_id"":14,""full_state_index"":69,""label"":""V_14"",""local_index"":5,""state_type"":""voltage""},{""bus_id"":37,""full_state_index"":92,""label"":""V_37"",""local_index"":6,""state_type"":""voltage""},{""bus_id"":39,""full_state_index"":94,""label"":""V_39"",""local_index"":7,""state_type"":""voltage""}]","[{""full_measurement_index"":6,""local_index"":0,""measurement_label"":""V_7"",""measurement_type"":""voltage_magnitude""},{""full_measurement_index"":7,""local_index"":1,""measurement_label"":""V_8"",""measurement_type"":""voltage_magnitude""},{""full_measurement_index"":8,""local_index"":2,""measurement_label"":""V_9"",""measurement_type"":""voltage_magnitude""},{""full_measurement_index"":9,""local_index"":3,""measurement_label"":""V_10"",""measurement_type"":""voltage_magnitude""},{""full_measurement_index"":183,""local_index"":4,""measurement_label"":""P_13_14"",""measurement_type"":""p_branch_flow""},{""full_measurement_index"":221,""local_index"":5,""measurement_label"":""P_37_39"",""measurement_type"":""p_branch_flow""},{""full_measurement_index"":263,""local_index"":6,""measurement_label"":""Q_13_14"",""measurement_type"":""q_branch_flow""},{""full_measurement_index"":301,""local_index"":7,""measurement_label"":""Q_37_39"",""measurement_type"":""q_branch_flow""}]",1443.906514768674,1532.1995899502028,667533.3393093913,frozen_lambda_ref_times_full_candidate_reference_beta_squared,1033.2644044578253,3099.7932133734757,0.06947163416534002,structural_evaluation,included,completed,completed,False
