structural_group_id,ieee_case,selector,realization_count,support_records,median_nonzeros,median_slots,median_gates,median_depth,median_cx,median_controlled_rotations,minimum_reconstruction_error,maximum_reconstruction_error
ieee14_structural_group_01,ieee14,balanced_magnitude,2,40,15.0,3.0,3981.0,2658.0,1674.0,24.0,1.5537715242196082e-14,5.019087888005935e-13
ieee14_structural_group_01,ieee14,leverage_weighted,2,40,15.0,3.0,3981.0,2658.0,1674.0,24.0,4.762677047073999e-14,5.019087888005935e-13
ieee14_structural_group_01,ieee14,random_objective_feasible,2,2,15.0,3.0,3977.5,2655.0,1674.0,24.0,2.5487083235618497e-13,3.245736741989301e-13
ieee14_structural_group_01,ieee14,sensitivity_initial_mean,2,40,15.0,4.0,4632.0,3057.0,1990.0,32.0,1.7708057242771247e-14,5.019087888005935e-13
ieee14_structural_group_01,ieee14,sensitivity_initial_worst_case,2,40,15.0,4.0,4632.0,3057.0,1990.0,32.0,4.0690923538749083e-14,4.0129011225076283e-13
ieee14_structural_group_01,ieee14,sensitivity_refined_mean,2,40,15.0,4.0,4632.0,3057.0,1990.0,32.0,5.930557754990033e-14,4.0129011225076283e-13
ieee14_structural_group_01,ieee14,sensitivity_refined_worst_case,2,40,15.0,4.0,4632.0,3057.0,1990.0,32.0,4.0690923538749083e-14,4.0129011225076283e-13
ieee14_structural_group_02,ieee14,balanced_magnitude,2,40,16.0,3.0,3968.0,2648.0,1674.0,24.0,2.1094237467877974e-14,4.580225088091083e-13
ieee14_structural_group_02,ieee14,leverage_weighted,2,40,16.0,3.0,4031.5,2775.0,1737.5,24.0,2.1094237467877974e-14,4.502231920611166e-13
ieee14_structural_group_02,ieee14,random_objective_feasible,2,2,16.0,3.0,3529.0,2334.0,1515.0,24.0,8.076872504148015e-14,8.287814878826795e-14
ieee14_structural_group_02,ieee14,sensitivity_initial_mean,2,40,16.0,3.0,3974.0,2652.0,1674.0,24.0,8.222637314468481e-14,3.0011410023789153e-13
ieee14_structural_group_02,ieee14,sensitivity_initial_worst_case,2,40,16.0,3.0,3974.0,2652.0,1674.0,24.0,8.222637314468481e-14,3.143943438921326e-13
ieee14_structural_group_02,ieee14,sensitivity_refined_mean,2,40,16.0,3.0,3926.0,2617.0,1661.0,24.0,8.222637314468481e-14,3.0011410023789153e-13
ieee14_structural_group_02,ieee14,sensitivity_refined_worst_case,2,40,16.0,3.0,3950.0,2636.0,1667.5,24.0,8.222637314468481e-14,3.0011410023789153e-13
ieee14_structural_group_03,ieee14,balanced_magnitude,2,50,15.0,3.0,3968.0,2647.0,1672.0,24.0,1.4830364825910704e-13,4.241321177549882e-13
ieee14_structural_group_03,ieee14,leverage_weighted,2,50,14.0,3.0,3968.0,2647.0,1672.0,24.0,2.6538693435115662e-14,1.0255297406046656e-11
ieee14_structural_group_03,ieee14,random_objective_feasible,2,2,16.0,3.0,3976.0,2654.5,1674.0,24.0,2.7283015000815543e-13,4.645007997207467e-13
ieee14_structural_group_03,ieee14,sensitivity_initial_mean,2,50,14.0,3.0,3968.0,2648.0,1672.0,24.0,1.6209256159527282e-14,7.587945708487644e-13
ieee14_structural_group_03,ieee14,sensitivity_initial_worst_case,2,50,14.0,3.0,3952.0,2638.0,1670.0,24.0,1.6209256159527282e-14,7.59038390237822e-13
ieee14_structural_group_03,ieee14,sensitivity_refined_mean,2,50,14.0,3.0,3977.0,2654.0,1673.0,24.0,1.6209256159527282e-14,7.59038390237822e-13
ieee14_structural_group_03,ieee14,sensitivity_refined_worst_case,2,50,14.0,3.0,3972.0,2651.0,1673.0,24.0,1.6209256159527282e-14,7.59038390237822e-13
ieee14_structural_group_04,ieee14,balanced_magnitude,2,40,16.0,3.0,3981.0,2657.0,1674.0,24.0,2.1649348980190553e-14,4.039407697220554e-13
ieee14_structural_group_04,ieee14,leverage_weighted,2,40,16.0,3.0,3981.0,2657.0,1674.0,24.0,2.1649348980190553e-14,4.039407697220554e-13
ieee14_structural_group_04,ieee14,random_objective_feasible,2,2,16.0,3.0,3974.5,2652.0,1674.0,24.0,2.8910383225516974e-13,3.0913449400213154e-13
ieee14_structural_group_04,ieee14,sensitivity_initial_mean,2,40,16.0,3.0,4197.0,2993.0,1846.0,24.0,2.0307366899174897e-13,3.6590542924624154e-13
ieee14_structural_group_04,ieee14,sensitivity_initial_worst_case,2,40,16.0,3.0,4197.0,2993.0,1846.0,24.0,9.471424990409039e-14,3.257135512308139e-13
ieee14_structural_group_04,ieee14,sensitivity_refined_mean,2,40,16.0,3.0,3984.0,2661.0,1674.0,24.0,7.280794843145322e-14,3.6590542924624154e-13
ieee14_structural_group_04,ieee14,sensitivity_refined_worst_case,2,40,16.0,3.0,3983.0,2660.0,1674.0,24.0,7.280794843145322e-14,3.2736349133935273e-13
ieee30_structural_group_01,ieee30,balanced_magnitude,2,50,15.0,3.0,3986.0,2663.0,1674.0,24.0,3.219646771412954e-14,5.24691401437849e-13
ieee30_structural_group_01,ieee30,leverage_weighted,2,50,14.0,3.0,4102.0,2908.0,1802.0,24.0,2.753353101070388e-14,3.386588696421926e-13
ieee30_structural_group_01,ieee30,random_objective_feasible,2,2,16.0,3.0,4075.0,2815.0,1754.0,24.0,3.513217843090781e-13,5.756056943269337e-13
ieee30_structural_group_01,ieee30,sensitivity_initial_mean,2,50,14.0,3.0,3974.0,2651.5,1674.0,24.0,2.753353101070388e-14,6.865725022971532e-13
ieee30_structural_group_01,ieee30,sensitivity_initial_worst_case,2,50,14.0,3.0,4039.5,2748.0,1738.0,24.0,3.597122599785507e-14,6.865725022971532e-13
ieee30_structural_group_01,ieee30,sensitivity_refined_mean,2,50,14.0,3.0,3983.0,2660.0,1674.0,24.0,2.753353101070388e-14,1.223947354820379e-11
ieee30_structural_group_01,ieee30,sensitivity_refined_worst_case,2,50,14.0,3.0,3980.0,2659.0,1674.0,24.0,2.2759572004815712e-14,1.223947354820379e-11
ieee30_structural_group_02,ieee30,balanced_magnitude,2,40,16.0,3.0,3982.0,2660.0,1674.0,24.0,4.064148449401208e-14,4.576544361050243e-13
ieee30_structural_group_02,ieee30,leverage_weighted,2,40,16.0,3.0,3982.0,2660.0,1674.0,24.0,4.064148449401208e-14,4.581636689283591e-13
ieee30_structural_group_02,ieee30,random_objective_feasible,2,2,16.0,3.0,3978.5,2656.0,1674.0,24.0,2.2440080530158042e-13,3.100714129899984e-13
ieee30_structural_group_02,ieee30,sensitivity_initial_mean,2,40,16.0,4.0,5087.0,3392.0,2155.0,32.0,6.257260696298865e-14,4.849532440356967e-13
ieee30_structural_group_02,ieee30,sensitivity_initial_worst_case,2,40,16.0,3.0,4226.5,2957.5,1825.5,24.0,6.240403918109241e-14,5.762404201477824e-13
ieee30_structural_group_02,ieee30,sensitivity_refined_mean,2,40,16.0,3.0,3983.0,2661.0,1674.0,24.0,4.5259309373015743e-14,4.569643274887625e-13
ieee30_structural_group_02,ieee30,sensitivity_refined_worst_case,2,40,16.0,3.0,4089.0,2826.5,1760.0,24.0,7.565335663983839e-14,7.196369533880798e-13
ieee30_structural_group_03,ieee30,balanced_magnitude,2,50,12.0,3.0,3971.0,2650.0,1672.0,24.0,1.1772527397369006e-13,3.772537837676282e-13
ieee30_structural_group_03,ieee30,leverage_weighted,2,50,12.0,3.0,3971.0,2650.0,1672.0,24.0,1.2458348919467654e-13,3.772537837676282e-13
ieee30_structural_group_03,ieee30,random_objective_feasible,2,2,14.0,3.0,4256.5,3054.0,1878.0,24.0,2.1123893254313657e-13,2.392530618067213e-13
ieee30_structural_group_03,ieee30,sensitivity_initial_mean,2,50,12.0,3.0,3976.0,2653.5,1674.0,24.0,1.2458348919467654e-13,3.772537837676282e-13
ieee30_structural_group_03,ieee30,sensitivity_initial_worst_case,2,50,12.0,3.0,3975.0,2653.0,1674.0,24.0,1.2458348919467654e-13,3.772537837676282e-13
ieee30_structural_group_03,ieee30,sensitivity_refined_mean,2,50,12.0,3.0,3985.0,2661.0,1674.0,24.0,1.1772527397369006e-13,3.772537837676282e-13
ieee30_structural_group_03,ieee30,sensitivity_refined_worst_case,2,50,12.0,3.0,3984.0,2661.0,1674.0,24.0,2.6367796834847468e-14,3.772537837676282e-13
ieee30_structural_group_04,ieee30,balanced_magnitude,2,40,16.0,3.0,3986.0,2662.0,1674.0,24.0,2.1593837828959295e-14,5.168967456554344e-13
ieee30_structural_group_04,ieee30,leverage_weighted,2,40,16.0,3.0,3986.0,2662.0,1674.0,24.0,1.718587863236803e-13,5.168967456554344e-13
ieee30_structural_group_04,ieee30,random_objective_feasible,2,2,16.0,3.0,3931.0,2623.0,1660.5,24.0,3.106948600461059e-13,4.967583422555944e-13
ieee30_structural_group_04,ieee30,sensitivity_initial_mean,2,40,16.0,3.0,3973.0,2651.0,1674.0,24.0,1.8459075606713596e-13,5.168967456554344e-13
ieee30_structural_group_04,ieee30,sensitivity_initial_worst_case,2,40,16.0,3.0,3987.0,2663.0,1674.0,24.0,1.8385233752509017e-13,5.168967456554344e-13
ieee30_structural_group_04,ieee30,sensitivity_refined_mean,2,40,16.0,3.0,3977.0,2656.0,1674.0,24.0,2.0356075268472022e-13,5.168967456554344e-13
ieee30_structural_group_04,ieee30,sensitivity_refined_worst_case,2,40,16.0,3.0,3977.0,2656.0,1674.0,24.0,2.0356075268472022e-13,5.168967456554344e-13
ieee57_structural_group_01,ieee57,balanced_magnitude,2,50,13.0,2.0,1138.0,699.0,479.0,16.0,1.7430501486614958e-14,2.5179401987478416e-13
ieee57_structural_group_01,ieee57,leverage_weighted,2,50,13.0,3.0,3024.0,1960.0,1320.0,24.0,1.7430501486614958e-14,6.219482852535799e-13
ieee57_structural_group_01,ieee57,random_objective_feasible,2,2,14.0,3.0,3024.0,1960.0,1320.0,24.0,2.510397754523662e-13,2.5179401987478416e-13
ieee57_structural_group_01,ieee57,sensitivity_initial_mean,2,50,13.0,3.0,3024.0,1960.0,1320.0,24.0,1.7430501486614958e-14,2.519812670137406e-13
ieee57_structural_group_01,ieee57,sensitivity_initial_worst_case,2,50,13.0,3.0,3024.0,1960.0,1320.0,24.0,1.7430501486614958e-14,2.5179401987478416e-13
ieee57_structural_group_01,ieee57,sensitivity_refined_mean,2,50,13.0,3.0,3024.0,1960.0,1320.0,24.0,1.7430501486614958e-14,6.219061755835421e-13
ieee57_structural_group_01,ieee57,sensitivity_refined_worst_case,2,50,13.0,3.0,3024.0,1960.0,1320.0,24.0,1.7430501486614958e-14,3.1444916180464237e-13
ieee57_structural_group_02,ieee57,balanced_magnitude,2,40,16.0,3.0,4193.0,2989.0,1847.0,24.0,5.9800883393801e-14,4.826833377435946e-13
ieee57_structural_group_02,ieee57,leverage_weighted,2,40,16.0,3.0,4249.0,3118.0,1913.0,24.0,5.9800883393801e-14,4.826833377435946e-13
ieee57_structural_group_02,ieee57,random_objective_feasible,2,2,16.0,3.0,3976.0,2655.0,1674.0,24.0,1.4372229270948174e-13,2.0540513734346177e-13
ieee57_structural_group_02,ieee57,sensitivity_initial_mean,2,40,16.0,3.0,4429.0,3216.0,1959.0,24.0,2.649151723368655e-14,4.826833377435946e-13
ieee57_structural_group_02,ieee57,sensitivity_initial_worst_case,2,40,16.0,3.0,4196.0,3000.0,1849.0,24.0,8.119641603882662e-14,5.839651254009617e-13
ieee57_structural_group_02,ieee57,sensitivity_refined_mean,2,40,16.0,3.0,4197.0,2992.0,1847.0,24.0,2.5143780831397114e-14,4.826833377435946e-13
ieee57_structural_group_02,ieee57,sensitivity_refined_worst_case,2,40,16.0,3.0,4197.0,3000.0,1849.0,24.0,1.0342992351570149e-13,5.868806710088101e-13
ieee57_structural_group_03,ieee57,balanced_magnitude,2,40,16.0,3.0,4412.0,3344.0,2030.0,24.0,1.8485213360008856e-14,4.018812330705448e-13
ieee57_structural_group_03,ieee57,leverage_weighted,2,40,16.0,3.0,4412.0,3344.0,2030.0,24.0,1.8485213360008856e-14,3.878854318361007e-13
ieee57_structural_group_03,ieee57,random_objective_feasible,2,2,16.0,3.0,4137.5,2879.0,1789.5,24.0,2.4744170630749797e-13,3.933242620490774e-13
ieee57_structural_group_03,ieee57,sensitivity_initial_mean,2,40,16.0,3.0,4412.0,3344.0,2030.0,24.0,1.5099033134902132e-14,5.959628580401352e-13
ieee57_structural_group_03,ieee57,sensitivity_initial_worst_case,2,40,16.0,3.0,4412.0,3344.0,2030.0,24.0,6.182585771655704e-14,5.959628580401352e-13
ieee57_structural_group_03,ieee57,sensitivity_refined_mean,2,40,16.0,3.0,4412.0,3072.0,1994.0,24.0,1.525446435834965e-13,4.802824804528427e-13
ieee57_structural_group_03,ieee57,sensitivity_refined_worst_case,2,40,16.0,3.0,4412.0,3074.0,1994.0,24.0,1.6697850280961506e-13,9.607189934001559e-12
ieee57_structural_group_04,ieee57,balanced_magnitude,2,50,12.0,2.0,1160.0,714.0,486.0,16.0,1.5987211554602254e-14,7.747352533207073e-14
ieee57_structural_group_04,ieee57,leverage_weighted,2,50,12.0,2.0,1160.0,714.0,486.0,16.0,1.4876988529977098e-14,7.747352533207073e-14
ieee57_structural_group_04,ieee57,random_objective_feasible,2,2,12.0,2.0,1160.0,714.0,486.0,16.0,7.637750600699065e-14,7.747352533207073e-14
ieee57_structural_group_04,ieee57,sensitivity_initial_mean,2,50,12.0,2.0,1160.0,714.0,486.0,16.0,1.7652546091539992e-14,7.747352533207073e-14
ieee57_structural_group_04,ieee57,sensitivity_initial_worst_case,2,50,12.0,2.0,1160.0,714.0,486.0,16.0,1.7652546091539992e-14,7.747352533207073e-14
ieee57_structural_group_04,ieee57,sensitivity_refined_mean,2,50,12.0,2.0,1160.0,714.0,486.0,16.0,1.7652546091539992e-14,7.747352533207073e-14
ieee57_structural_group_04,ieee57,sensitivity_refined_worst_case,2,50,12.0,2.0,1160.0,714.0,486.0,16.0,1.7652546091539992e-14,7.747352533207073e-14
